Garden,Southern,SO.01.02,DARKHANA,A.01.01,DARKHANA
Garden,Southern,SO.01.06,PLATINUM,A.01.02,PLATINUM
Garden,Southern,SO.01.07,Prince Aly S. Khan Colony,A.01.03,Prince Aly S. Khan Colony
Garden,Southern,SO.01.09,SULTANABAD,A.01.04,SULTANABAD
Garden,Southern,SO.01.08,REHMANI GARDEN,A.01.05,REHMANI GARDEN
Garden,Southern,SO.01.01,"AMYNABAD, Karachi",A.01.06,"AMYNABAD, Karachi"
Gulshan,Southern,SO.02.06,"NOORABAD, Karachi",A.01.07,"NOORABAD, Karachi"
Gulshan,Southern,SO.02.03,EVERSHINE,A.01.08,EVERSHINE
Karimabad,Southern,SO.04.04,NAZIMABAD,A.01.09,NAZIMABAD
Garden,Southern,SO.01.03,GULZAR-E-RAHIM,A.01.10,GULZAR-E-RAHIM
Garden,Southern,SO.01.04,KARIM NAGAR,A.01.11,KARIM NAGAR
Gulshan,Southern,SO.02.07,MALIR,A.01.12,MALIR
Karimabad,Southern,SO.04.03,"KARIMABAD, Karachi",A.02.01,"KARIMABAD, Karachi"
Karimabad,Southern,SO.04.02,ALYABAD,A.02.02,ALYABAD
Karimabad,Southern,SO.04.06,RAHIMABAD,A.02.03,RAHIMABAD
Karimabad,Southern,SO.04.07,SALIMAHABAD,A.02.04,SALIMAHABAD
Karimabad,Southern,SO.04.05,NIZARI,A.02.05,NIZARI
Karimabad,Southern,SO.04.01,AL NOOR,A.02.06,AL NOOR
Gulshan,Southern,SO.02.04,GULSHAN-E-NOOR,A.02.07,GULSHAN-E-NOOR
Gulshan,Southern,SO.02.01,AL AZHAR GARDEN,A.02.08,AL AZHAR GARDEN
Gulshan,Southern,SO.02.02,ALI JIWANI,A.02.09,ALI JIWANI
Gulshan,Southern,SO.02.05,INARA GARDEN,A.02.10,INARA GARDEN
Kharadhar,Southern,SO.05.06,KHARADAR,A.03.01,KHARADAR
Kharadhar,Southern,SO.05.08,LAASI,A.03.02,LAASI
Kharadhar,Southern,SO.05.02,CLIFTON,A.03.03,CLIFTON
Kharadhar,Southern,SO.05.07,KORANGI,A.03.04,KORANGI
Kharadhar,Southern,SO.05.12,RANCHORELINE,A.03.05,RANCHORELINE
Kharadhar,Southern,SO.05.03,EBRAHIM HAIDERY No. 1,A.03.06,EBRAHIM HAIDERY No. 1
Kharadhar,Southern,SO.05.01,CHASHMA GOTH,A.03.09,CHASHMA GOTH
Kharadhar,Southern,SO.05.05,KHADIJAHABAD,A.03.10,KHADIJAHABAD
Kharadhar,Southern,SO.05.04,GWADUR,A.04.01,GWADUR
Kharadhar,Southern,SO.05.10,PASNI,A.04.02,PASNI
Kharadhar,Southern,SO.05.09,ORMARA,A.04.03,ORMARA
Kharadhar,Southern,SO.05.11,QUETTA,A.04.04,QUETTA
Kharadhar,Southern,SO.05.99,Winder,A.04.05,Winder
Hyderabad,Southern,SO.03.05,MUBARAK COLONY,B.01.01,MUBARAK COLONY
Hyderabad,Southern,SO.03.02,"AMYNABAD, Hyderabad",B.01.02,"AMYNABAD, Hyderabad"
Hyderabad,Southern,SO.03.06,PRINCE ALY ROAD,B.01.03,PRINCE ALY ROAD
Hyderabad,Southern,SO.03.04,KHYBER,B.01.04,KHYBER
Hyderabad,Southern,SO.03.01,ALYABAD,B.01.05,ALYABAD
Hyderabad,Southern,SO.03.07,"RAHIMABAD, Tando Allahyar",B.01.06,"RAHIMABAD, Tando Allahyar"
Hyderabad,Southern,SO.03.13,TANDO ALLAHYAR,B.01.07,TANDO ALLAHYAR
Hyderabad,Southern,SO.03.08,SHAH ALY,B.01.08,SHAH ALY
Hyderabad,Southern,SO.03.12,SULTANABAD NO.3,B.01.09,SULTANABAD NO.3
Hyderabad,Southern,SO.03.11,SULTANABAD NO.2,B.01.10,SULTANABAD NO.2
Hyderabad,Southern,SO.03.10,SULTANABAD NO.1,B.01.11,SULTANABAD NO.1
Hyderabad,Southern,SO.03.03,JHUDO,B.01.13,JHUDO
Thatta & Shah Bunder,Southern,SO.07.10,MIRPUR SAKRO,B.02.01,MIRPUR SAKRO
Thatta & Shah Bunder,Southern,SO.07.03,BOHARA,B.02.02,BOHARA
Thatta & Shah Bunder,Southern,SO.07.12,NAU GOTH,B.02.03,NAU GOTH
Thatta & Shah Bunder,Southern,SO.07.17,VUR,B.03.01,VUR
Thatta & Shah Bunder,Southern,SO.07.11,MUHAMMADABAD,B.03.02,MUHAMMADABAD
Thatta & Shah Bunder,Southern,SO.07.18,WALI GOTH,B.03.03,WALI GOTH
Thatta & Shah Bunder,Southern,SO.07.14,RAJABALI GOTH,B.03.04,RAJABALI GOTH
Thatta & Shah Bunder,Southern,SO.07.09,KARIMABAD,B.03.05,KARIMABAD
Thatta & Shah Bunder,Southern,SO.07.02,BACHAL GOTH,B.03.06,BACHAL GOTH
Thatta & Shah Bunder,Southern,SO.07.06,GHULAMULLAH,B.04.01,GHULAMULLAH
Thatta & Shah Bunder,Southern,SO.07.13,RAHIMABAD,B.04.04,RAHIMABAD
Thatta & Shah Bunder,Southern,SO.07.01,ALYABAD,B.04.05,ALYABAD
Thatta & Shah Bunder,Southern,SO.07.04,CHACH SARKO Kako Village,B.04.06,CHACH SARKO Kako Village
Thatta & Shah Bunder,Southern,SO.07.16,TARR KHUWAJA,B.05.01,TARR KHUWAJA
Thatta & Shah Bunder,Southern,SO.07.15,SUJAWAL,B.05.02,SUJAWAL
Thatta & Shah Bunder,Southern,SO.07.07,HUSSAINABAD,B.05.03,HUSSAINABAD
Thatta & Shah Bunder,Southern,SO.07.08,JATI,B.05.04,JATI
Tando Turel,Southern,SO.06.05,TALHAR,B.06.01,TALHAR
Tando Turel,Southern,SO.06.07,TANDO MOHAMED KHAN,B.06.02,TANDO MOHAMED KHAN
Tando Turel,Southern,SO.06.03,SHAH KAPOOR,B.06.03,SHAH KAPOOR
Tando Turel,Southern,SO.06.04,SONDA,B.06.04,SONDA
Tando Turel,Southern,SO.06.06,TANDO BAGO,B.06.05,TANDO BAGO
Tando Turel,Southern,SO.06.02,NAUABAD,B.06.06,NAUABAD
Tando Turel,Southern,SO.06.01,BADIN,B.06.07,BADIN
Hyderabad,Southern,SO.03.09,SUKKUR,B.07.01,SUKKUR
Lahore & Sialkot,Central,CE.02.04,LAHORE,C.01.01,LAHORE
Lahore & Sialkot,Central,CE.02.08,TALWANDI,C.01.03,TALWANDI
Lahore & Sialkot,Central,CE.02.07,SIALKOT,C.01.05,SIALKOT
Lahore & Sialkot,Central,CE.02.03,GUJRANWALA,C.01.06,GUJRANWALA
Lahore & Sialkot,Central,CE.02.05,LALA MUSA,C.01.07,LALA MUSA
Hafizabad,Central,CE.01.01,HAFIZABAD,C.01.09,HAFIZABAD
Hafizabad,Central,CE.01.03,KARIMABAD Hafizabad,C.01.10,KARIMABAD Hafizabad
Hafizabad,Central,CE.01.02,JALALPUR BHATIAN,C.01.11,JALALPUR BHATIAN
Hafizabad,Central,CE.01.04,PINDI BHATIAN,C.01.12,PINDI BHATIAN
Hafizabad,Central,CE.01.05,THATI BHELOLPUR,C.01.13,THATI BHELOLPUR
Lahore & Sialkot,Central,CE.02.02,FAISALABAD,C.01.14,FAISALABAD
Lahore & Sialkot,Central,CE.02.06,SHAHDRA,C.01.19,SHAHDRA
Sargodha,Central,CE.06.18,SARGODHA,C.02.01,SARGODHA
Sargodha,Central,CE.06.02,BHALWAL,C.02.02,BHALWAL
Sargodha,Central,CE.06.03,BHERA,C.02.03,BHERA
Sargodha,Central,CE.06.16,PIND DADAN KHAN,C.02.04,PIND DADAN KHAN
Sargodha,Central,CE.06.12,MANDI BAHAUDIN,C.02.05,MANDI BAHAUDIN
Sargodha,Central,CE.06.10,KOT MOMIN,C.02.06,KOT MOMIN
Sargodha,Central,CE.06.14,NASEERPUR KALAN,C.02.07,NASEERPUR KALAN
Sargodha,Central,CE.06.07,JAWARIAN,C.02.08,JAWARIAN
Sargodha,Central,CE.06.13,MIDH RANJHA,C.02.09,MIDH RANJHA
Sargodha,Central,CE.06.05,CHOHA SAIDEN SHAH,C.02.12,CHOHA SAIDEN SHAH
Sargodha,Central,CE.06.17,PINDI SAIDPUR,C.02.13,PINDI SAIDPUR
Sargodha,Central,CE.06.06,HARANPUR,C.02.16,HARANPUR
Sargodha,Central,CE.06.11,LILYANI,C.02.17,LILYANI
Sargodha,Central,CE.06.09,KORRAY KOT,C.02.18,KORRAY KOT
Sargodha,Central,CE.06.08,KALRA ESTATE,C.02.19,KALRA ESTATE
Sargodha,Central,CE.06.15,PHULARWAN,C.02.21,PHULARWAN
Sargodha,Central,CE.06.01,BHAGTANWALA,C.02.22,BHAGTANWALA
Multan & Bahawalpur,Central,CE.03.06,MULTAN,C.03.01,MULTAN
Multan & Bahawalpur,Central,CE.03.07,MUMTAZABAD,C.03.02,MUMTAZABAD
Multan & Bahawalpur,Central,CE.03.10,SAHIWAL,C.03.03,SAHIWAL
Multan & Bahawalpur,Central,CE.03.12,VEHARI,C.03.04,VEHARI
Multan & Bahawalpur,Central,CE.03.03,BAKHAR,C.03.05,BAKHAR
Multan & Bahawalpur,Central,CE.03.04,"KARIMABAD, Multan",C.03.06,"KARIMABAD, Multan"
Multan & Bahawalpur,Central,CE.03.11,UCH SHARIF,C.03.08,UCH SHARIF
Multan & Bahawalpur,Central,CE.03.01,ALLAHABAD,C.03.09,ALLAHABAD
Multan & Bahawalpur,Central,CE.03.05,KHANPUR,C.03.10,KHANPUR
Multan & Bahawalpur,Central,CE.03.08,RAHIMYAR KHAN,C.03.11,RAHIMYAR KHAN
Multan & Bahawalpur,Central,CE.03.09,SADIQABAD,C.03.12,SADIQABAD
Multan & Bahawalpur,Central,CE.03.02,BAHAWALPUR,C.03.13,BAHAWALPUR
Rawalpindi,Central,CE.05.07,RAWALPINDI,D.01.01,RAWALPINDI
Rawalpindi,Central,CE.05.05,"KARIMABAD, Islamabad",D.01.02,"KARIMABAD, Islamabad"
Rawalpindi,Central,CE.05.04,ISLAMABAD,D.01.03,ISLAMABAD
Rawalpindi,Central,CE.05.01,ABBOTABAD,D.01.04,ABBOTABAD
Rawalpindi,Central,CE.05.03,BHURBAN,D.01.06,BHURBAN
Peshawar,Central,CE.04.03,PESHAWAR,D.01.07,PESHAWAR
Peshawar,Central,CE.04.02,MARDAN,D.01.08,MARDAN
Peshawar,Central,CE.04.01,"AMYN COLONY, Peshawar",D.01.09,"AMYN COLONY, Peshawar"
Rawalpindi,Central,CE.05.02,ATTOCK,D.01.10,ATTOCK
Rawalpindi,Central,CE.05.08,TAXILA,D.01.12,TAXILA
Rawalpindi,Central,CE.05.06,MUZAFFARABAD,D.01.13,MUZAFFARABAD
Rawalpindi,Central,CE.05.09,Golden Jubilee,D.01.14,Golden Jubilee
Altit & Karimabad,Hunza,HU.01.17,KARIMABAD Central,E.01.01,KARIMABAD Central
Altit & Karimabad,Hunza,HU.01.09,CHOBI KHUSHAL,E.01.02,CHOBI KHUSHAL
Altit & Karimabad,Hunza,HU.01.27,ZIARAT Astana,E.01.03,ZIARAT Astana
Altit & Karimabad,Hunza,HU.01.06,AMYNABAD,E.01.04,AMYNABAD
Altit & Karimabad,Hunza,HU.01.25,SHANO KHUSHAL,E.01.05,SHANO KHUSHAL
Altit & Karimabad,Hunza,HU.01.07,BARASHAL,E.01.06,BARASHAL
Altit & Karimabad,Hunza,HU.01.13,GARA BEREZ,E.01.07,GARA BEREZ
Altit & Karimabad,Hunza,HU.01.14,GHAMESH,E.01.08,GHAMESH
Altit & Karimabad,Hunza,HU.01.08,BROONGSHAL-Altit,E.01.09,BROONGSHAL-Altit
Altit & Karimabad,Hunza,HU.01.18,KARIMABAD-2,E.01.10,KARIMABAD-2
Altit & Karimabad,Hunza,HU.01.12,GANESH Kalan,E.01.11,GANESH Kalan
Altit & Karimabad,Hunza,HU.01.19,MOMINABAD,E.01.12,MOMINABAD
Altit & Karimabad,Hunza,HU.01.05,ALTIT Central,E.02.01,ALTIT Central
Altit & Karimabad,Hunza,HU.01.15,HERCHI,E.02.02,HERCHI
Altit & Karimabad,Hunza,HU.01.26,SULTANABAD,E.02.03,SULTANABAD
Altit & Karimabad,Hunza,HU.01.16,IMAMYARABAD,E.02.04,IMAMYARABAD
Altit & Karimabad,Hunza,HU.01.10,EMANABAD,E.02.05,EMANABAD
Altit & Karimabad,Hunza,HU.01.04,AL MUSTAFABAD Brumbun,E.02.06,AL MUSTAFABAD Brumbun
Altit & Karimabad,Hunza,HU.01.21,RAHIMABAD,E.02.07,RAHIMABAD
Altit & Karimabad,Hunza,HU.01.11,FAIZABAD,E.02.08,FAIZABAD
Altit & Karimabad,Hunza,HU.01.02,AHMEDABAD-1Paien,E.02.09,AHMEDABAD-1Paien
Altit & Karimabad,Hunza,HU.01.03,AHMEDABAD-2 Bala,E.02.10,AHMEDABAD-2 Bala
Altit & Karimabad,Hunza,HU.01.22,SALMANABAD-1 Bala,E.02.12,SALMANABAD-1 Bala
Altit & Karimabad,Hunza,HU.01.23,SALMANABAD-2 Paien,E.02.13,SALMANABAD-2 Paien
Altit & Karimabad,Hunza,HU.01.20,MUHAMMADABAD,E.02.17,MUHAMMADABAD
Alyabad & Hyderabad,Hunza,HU.02.14,HYDERABAD Central,E.03.01,HYDERABAD Central
Alyabad & Hyderabad,Hunza,HU.02.04,BERBER,E.03.02,BERBER
Alyabad & Hyderabad,Hunza,HU.02.07,DOOR KHUN,E.03.03,DOOR KHUN
Alyabad & Hyderabad,Hunza,HU.02.09,GARELTH,E.03.04,GARELTH
Alyabad & Hyderabad,Hunza,HU.02.21,SHERAZ,E.03.05,SHERAZ
Alyabad & Hyderabad,Hunza,HU.02.06,CHUMER KHAND,E.03.06,CHUMER KHAND
Alyabad & Hyderabad,Hunza,HU.02.20,SHAHABAD,E.03.07,SHAHABAD
Alyabad & Hyderabad,Hunza,HU.02.15,KHURU KHUSHAL,E.03.08,KHURU KHUSHAL
Alyabad & Hyderabad,Hunza,HU.02.05,BROONGSHAL-Hyderabad,E.03.09,BROONGSHAL-Hyderabad
Alyabad & Hyderabad,Hunza,HU.02.02,ALYABAD Central,E.04.01,ALYABAD Central
Alyabad & Hyderabad,Hunza,HU.02.16,MURTAZAABAD-1,E.04.02,MURTAZAABAD-1
Alyabad & Hyderabad,Hunza,HU.02.17,MURTAZAABAD-2,E.04.03,MURTAZAABAD-2
Alyabad & Hyderabad,Hunza,HU.02.08,FARMANABAD MURTAZAABAD-3,E.04.04,FARMANABAD MURTAZAABAD-3
Alyabad & Hyderabad,Hunza,HU.02.18,MURTAZAABAD-4,E.04.05,MURTAZAABAD-4
Alyabad & Hyderabad,Hunza,HU.02.10,HASSANABAD-1,E.04.06,HASSANABAD-1
Alyabad & Hyderabad,Hunza,HU.02.11,HASSANABAD-2,E.04.07,HASSANABAD-2
Alyabad & Hyderabad,Hunza,HU.02.12,HASSANABAD-3,E.04.08,HASSANABAD-3
Alyabad & Hyderabad,Hunza,HU.02.13,HASSANABAD-4,E.04.09,HASSANABAD-4
Alyabad & Hyderabad,Hunza,HU.02.01,AGAKHANABAD,E.04.10,AGAKHANABAD
Alyabad & Hyderabad,Hunza,HU.02.23,SULTANABAD,E.04.11,SULTANABAD
Alyabad & Hyderabad,Hunza,HU.02.19,RAHIMABAD,E.04.12,RAHIMABAD
Alyabad & Hyderabad,Hunza,HU.02.22,SINA KHAN,E.04.13,SINA KHAN
Alyabad & Hyderabad,Hunza,HU.02.03,ALYABAD DALAT,E.04.15,ALYABAD DALAT
Nasirabad,Hunza,HU.06.11,NASIRABAD Central,E.05.01,NASIRABAD Central
Nasirabad,Hunza,HU.06.09,KHIZARABAD,E.05.02,KHIZARABAD
Nasirabad,Hunza,HU.06.04,HUSSAINABAD-1,E.05.03,HUSSAINABAD-1
Nasirabad,Hunza,HU.06.05,HUSSAINABAD-2,E.05.04,HUSSAINABAD-2
Nasirabad,Hunza,HU.06.02,HUSSAINABAD BALA -3,E.05.05,HUSSAINABAD BALA -3
Nasirabad,Hunza,HU.06.03,HUSSAINABAD MASHRAQI-4,E.05.06,HUSSAINABAD MASHRAQI-4
Nasirabad,Hunza,HU.06.10,MAYOON,E.05.07,MAYOON
Nasirabad,Hunza,HU.06.06,KHANABAD-1,E.05.08,KHANABAD-1
Nasirabad,Hunza,HU.06.07,KHANABAD-2 Tekkery,E.05.09,KHANABAD-2 Tekkery
Nasirabad,Hunza,HU.06.08,KHANABAD-3 Mashraqi,E.05.10,KHANABAD-3 Mashraqi
Nasirabad,Hunza,HU.06.12,NASIRABAD-2 Bala,E.05.11,NASIRABAD-2 Bala
Nasirabad,Hunza,HU.06.01,HOON KOOT,E.05.12,HOON KOOT
Nasirabad,Hunza,HU.06.13,RAHMATABAD,E.05.13,RAHMATABAD
Gulmit,Hunza,HU.05.06,GULMIT Central,E.06.01,GULMIT Central
Gulmit,Hunza,HU.05.11,NAZIMABAD-1Bala,E.06.03,NAZIMABAD-1Bala
Gulmit,Hunza,HU.05.12,NAZIMABAD-2 Darmiyan,E.06.04,NAZIMABAD-2 Darmiyan
Gulmit,Hunza,HU.05.04,DALGIRAM,E.06.06,DALGIRAM
Gulmit,Hunza,HU.05.09,KAMARIS,E.06.07,KAMARIS
Gulmit,Hunza,HU.05.14,UDBER,E.06.08,UDBER
Gulmit,Hunza,HU.05.05,GULKIN,E.06.10,GULKIN
Gulmit,Hunza,HU.05.07,HUSSAINI,E.06.11,HUSSAINI
Gulmit,Hunza,HU.05.13,PASSU Janabad,E.06.12,PASSU Janabad
Gulmit,Hunza,HU.05.03,CHAMAN GUL,E.06.13,CHAMAN GUL
Gulmit,Hunza,HU.05.01,BORETH-1 Paien,E.06.14,BORETH-1 Paien
Gulmit,Hunza,HU.05.10,MURADABAD,E.06.15,MURADABAD
Gulmit,Hunza,HU.05.02,BORETH-2 Bala,E.06.16,BORETH-2 Bala
Shimshal,Hunza,HU.07.04,SHEMSHAL Sub-Centre,E.06.17,SHEMSHAL Sub-Centre
Shimshal,Hunza,HU.07.01,AMYNABAD Shemshal,E.06.18,AMYNABAD Shemshal
Shimshal,Hunza,HU.07.03,KHIZARABAD Shemshal,E.06.19,KHIZARABAD Shemshal
Shimshal,Hunza,HU.07.02,FARMANABAD Shemshal,E.06.20,FARMANABAD Shemshal
Gulmit,Hunza,HU.05.08,JANABAD Passu,E.06.21,JANABAD Passu
Gujal Bala,Hunza,HU.04.10,KHUDAABAD Central,E.07.01,KHUDAABAD Central
Gujal Bala,Hunza,HU.04.11,KHYBER-1,E.07.02,KHYBER-1
Gujal Bala,Hunza,HU.04.12,KHYBER-2 Imamabad,E.07.03,KHYBER-2 Imamabad
Gujal Bala,Hunza,HU.04.04,GALAPAN,E.07.04,GALAPAN
Gujal Bala,Hunza,HU.04.05,GIRCHA,E.07.05,GIRCHA
Gujal Bala,Hunza,HU.04.17,SERTEZ,E.07.06,SERTEZ
Gujal Bala,Hunza,HU.04.15,MOORKHUN,E.07.07,MOORKHUN
Gujal Bala,Hunza,HU.04.08,JAMALABAD,E.07.08,JAMALABAD
Gujal Bala,Hunza,HU.04.16,NAZIMABAD Sost Bala,E.07.09,NAZIMABAD Sost Bala
Gujal Bala,Hunza,HU.04.02,AMYNABAD Sost Paien,E.07.10,AMYNABAD Sost Paien
Gujal Bala,Hunza,HU.04.07,IMAMABAD KhudaAbad-3,E.07.11,IMAMABAD KhudaAbad-3
Gujal Bala,Hunza,HU.04.09,KARIMABAD KhudaAbad-2,E.07.12,KARIMABAD KhudaAbad-2
Gujal Bala,Hunza,HU.04.13,MISGAR-1,E.07.13,MISGAR-1
Gujal Bala,Hunza,HU.04.14,MISGAR-2,E.07.14,MISGAR-2
Gujal Bala,Hunza,HU.04.06,HUSSAINABAD,E.07.17,HUSSAINABAD
Chuperson,Hunza,HU.03.09,RESHIT Central,E.08.01,RESHIT Central
Chuperson,Hunza,HU.03.02,AMYNABAD Yezerich,E.08.02,AMYNABAD Yezerich
Chuperson,Hunza,HU.03.04,KHAIRABAD,E.08.03,KHAIRABAD
Chuperson,Hunza,HU.03.05,KHIL-1,E.08.04,KHIL-1
Chuperson,Hunza,HU.03.06,KHIL-2 Chupersan,E.08.05,KHIL-2 Chupersan
Chuperson,Hunza,HU.03.08,RAHIMABAD Kirmin-1,E.08.06,RAHIMABAD Kirmin-1
Chuperson,Hunza,HU.03.01,AMYNABAD Kirmin-2,E.08.07,AMYNABAD Kirmin-2
Chuperson,Hunza,HU.03.07,NOORABAD Kirmin-3,E.08.08,NOORABAD Kirmin-3
Chuperson,Hunza,HU.03.10,SHAR-E-SABZ,E.08.09,SHAR-E-SABZ
Chuperson,Hunza,HU.03.03,ISPANGE,E.08.10,ISPANGE
Chuperson,Hunza,HU.03.11,SHET MERG,E.08.11,SHET MERG
Chuperson,Hunza,HU.03.12,ZOOD KHUN,E.08.12,ZOOD KHUN
Gilgit,Gilgit,GL.01.05,GILGIT Central,F.01.01,GILGIT Central
Gilgit,Gilgit,GL.01.21,ZULFIQARABAD,F.01.02,ZULFIQARABAD
Gilgit,Gilgit,GL.01.07,JUTIYAL,F.01.03,JUTIYAL
Gilgit,Gilgit,GL.01.19,SONIKOTE,F.01.04,SONIKOTE
Gilgit,Gilgit,GL.01.08,KHOMER,F.01.05,KHOMER
Gilgit,Gilgit,GL.01.20,YASIN COLONY,F.01.06,YASIN COLONY
Gilgit,Gilgit,GL.01.10,MUJAHID COLONY,F.01.07,MUJAHID COLONY
Gilgit,Gilgit,GL.01.02,AMYNABAD-1 Nomal,F.01.08,AMYNABAD-1 Nomal
Gilgit,Gilgit,GL.01.03,AMYNABAD-2 Nomal,F.01.09,AMYNABAD-2 Nomal
Gilgit,Gilgit,GL.01.17,SADRUDDINABAD Nomal-3,F.01.10,SADRUDDINABAD Nomal-3
Gilgit,Gilgit,GL.01.09,MADINATUL KARIM Nomal-4,F.01.11,MADINATUL KARIM Nomal-4
Gilgit,Gilgit,GL.01.13,RAHIMABAD-1,F.01.12,RAHIMABAD-1
Gilgit,Gilgit,GL.01.14,RAHIMABAD-2,F.01.13,RAHIMABAD-2
Gilgit,Gilgit,GL.01.15,RAHIMABAD-3,F.01.14,RAHIMABAD-3
Gilgit,Gilgit,GL.01.16,RAHIMABAD-4,F.01.15,RAHIMABAD-4
"Sul, Dan & Oshikhandas",Gilgit,GL.03.21,SULTANABAD-1,F.01.16,SULTANABAD-1
"Sul, Dan & Oshikhandas",Gilgit,GL.03.22,SULTANABAD-2,F.01.17,SULTANABAD-2
"Sul, Dan & Oshikhandas",Gilgit,GL.03.23,SULTANABAD-3,F.01.18,SULTANABAD-3
"Sul, Dan & Oshikhandas",Gilgit,GL.03.24,SULTANABAD-4,F.01.19,SULTANABAD-4
"Sul, Dan & Oshikhandas",Gilgit,GL.03.01,DANYORE-1,F.01.20,DANYORE-1
"Sul, Dan & Oshikhandas",Gilgit,GL.03.05,DANYORE-2,F.01.21,DANYORE-2
"Sul, Dan & Oshikhandas",Gilgit,GL.03.06,DANYORE-3,F.01.22,DANYORE-3
"Sul, Dan & Oshikhandas",Gilgit,GL.03.07,DANYORE-4,F.01.23,DANYORE-4
"Sul, Dan & Oshikhandas",Gilgit,GL.03.08,DANYORE-5,F.01.24,DANYORE-5
"Sul, Dan & Oshikhandas",Gilgit,GL.03.09,DANYORE-6,F.01.25,DANYORE-6
"Sul, Dan & Oshikhandas",Gilgit,GL.03.10,DANYORE-7,F.01.26,DANYORE-7
"Sul, Dan & Oshikhandas",Gilgit,GL.03.11,DANYORE-8,F.01.27,DANYORE-8
"Sul, Dan & Oshikhandas",Gilgit,GL.03.12,DANYORE-9,F.01.28,DANYORE-9
"Sul, Dan & Oshikhandas",Gilgit,GL.03.02,DANYORE-10,F.01.29,DANYORE-10
"Sul, Dan & Oshikhandas",Gilgit,GL.03.03,DANYORE-11,F.01.30,DANYORE-11
"Sul, Dan & Oshikhandas",Gilgit,GL.03.13,OSHIKHANDAS-1,F.01.31,OSHIKHANDAS-1
"Sul, Dan & Oshikhandas",Gilgit,GL.03.14,OSHIKHANDAS-2,F.01.32,OSHIKHANDAS-2
"Sul, Dan & Oshikhandas",Gilgit,GL.03.15,OSHIKHANDAS-3,F.01.33,OSHIKHANDAS-3
"Sul, Dan & Oshikhandas",Gilgit,GL.03.16,OSHIKHANDAS-4,F.01.34,OSHIKHANDAS-4
"Sul, Dan & Oshikhandas",Gilgit,GL.03.17,OSHIKHANDAS-5,F.01.35,OSHIKHANDAS-5
"Sul, Dan & Oshikhandas",Gilgit,GL.03.18,OSHIKHANDAS-6,F.01.36,OSHIKHANDAS-6
"Sul, Dan & Oshikhandas",Gilgit,GL.03.19,OSHIKHANDAS-7,F.01.37,OSHIKHANDAS-7
"Sul, Dan & Oshikhandas",Gilgit,GL.03.20,OSHIKHANDAS-8,F.01.38,OSHIKHANDAS-8
Skardu,Gilgit,GL.02.04,SKARDU,F.01.39,SKARDU
Skardu,Gilgit,GL.02.03,SATELLITE TOWN Skardu,F.01.40,SATELLITE TOWN Skardu
"Sul, Dan & Oshikhandas",Gilgit,GL.03.04,DANYORE-12,F.01.42,DANYORE-12
Gilgit,Gilgit,GL.01.12,NOORABAD,F.01.43,NOORABAD
Gilgit,Gilgit,GL.01.11,NOOR COLONY,F.01.44,NOOR COLONY
Gilgit,Gilgit,GL.01.01,AMYNABAD Jutiyal,F.01.45,AMYNABAD Jutiyal
Gilgit,Gilgit,GL.01.04,BALADUL KARIM,F.01.49,BALADUL KARIM
Gilgit,Gilgit,GL.01.06,HUSSAINABAD,F.01.50,HUSSAINABAD
Gilgit,Gilgit,GL.01.18,SATELLITE TOWN Jutiyal,F.01.52,SATELLITE TOWN Jutiyal
Skardu,Gilgit,GL.02.01,GAMBA,F.01.53,GAMBA
Gilgit,Gilgit,GL.01.99,Bunji 2,F.01.56,Bunji 2
Singal,Ishkoman Puniyal,IP.07.12,SINGAL Central,G.01.01,SINGAL Central
Singal,Ishkoman Puniyal,IP.07.02,BUBUR-1 Paien,G.01.02,BUBUR-1 Paien
Singal,Ishkoman Puniyal,IP.07.03,BUBUR-2 Bala,G.01.03,BUBUR-2 Bala
Singal,Ishkoman Puniyal,IP.07.11,HUSSAINABAD Bubur-3 Bala,G.01.04,HUSSAINABAD Bubur-3 Bala
Singal,Ishkoman Puniyal,IP.07.06,GOHARABAD,G.01.05,GOHARABAD
Singal,Ishkoman Puniyal,IP.07.05,GEECH,G.01.06,GEECH
Singal,Ishkoman Puniyal,IP.07.13,THINGDAS,G.01.07,THINGDAS
Singal,Ishkoman Puniyal,IP.07.07,GULMUTI,G.01.08,GULMUTI
Singal,Ishkoman Puniyal,IP.07.08,GURUNJER-1 Paien,G.01.09,GURUNJER-1 Paien
Singal,Ishkoman Puniyal,IP.07.09,GURUNJER-2 Bala,G.01.10,GURUNJER-2 Bala
Singal,Ishkoman Puniyal,IP.07.10,GURUNJER-3 Bala,G.01.11,GURUNJER-3 Bala
Sherquilla,Ishkoman Puniyal,IP.06.06,KARIMABAD Sherqilla-Sub-Centre,G.01.12,KARIMABAD Sherqilla-Sub-Centre
Sherquilla,Ishkoman Puniyal,IP.06.04,HUSSAINABAD Sherqilla-2,G.01.13,HUSSAINABAD Sherqilla-2
Sherquilla,Ishkoman Puniyal,IP.06.07,RAHIMABAD Sherqilla-3,G.01.14,RAHIMABAD Sherqilla-3
Sherquilla,Ishkoman Puniyal,IP.06.08,SULTANABAD Sherqilla-4,G.01.15,SULTANABAD Sherqilla-4
Sherquilla,Ishkoman Puniyal,IP.06.02,DERENAY,G.01.16,DERENAY
Sherquilla,Ishkoman Puniyal,IP.06.03,HAMUCHAL,G.01.17,HAMUCHAL
Sherquilla,Ishkoman Puniyal,IP.06.05,JAPUKAY,G.01.18,JAPUKAY
Sherquilla,Ishkoman Puniyal,IP.06.01,DAS JAPUK,G.01.19,DAS JAPUK
Singal,Ishkoman Puniyal,IP.07.04,BUBUR-4 Bala,G.01.20,BUBUR-4 Bala
Singal,Ishkoman Puniyal,IP.07.01,Al-KARIM Singal - 2,G.01.21,Al-KARIM Singal - 2
Damas,Ishkoman Puniyal,IP.02.05,DAMAS Central,G.02.01,DAMAS Central
Gahkuch,Ishkoman Puniyal,IP.03.02,GAHKUCH-1 Bala,G.02.02,GAHKUCH-1 Bala
Gahkuch,Ishkoman Puniyal,IP.03.03,GAHKUCH-2 Bala,G.02.03,GAHKUCH-2 Bala
Gahkuch,Ishkoman Puniyal,IP.03.04,GAHKUCH-3 Paien,G.02.04,GAHKUCH-3 Paien
Gahkuch,Ishkoman Puniyal,IP.03.05,GAHKUCH-4 Paien,G.02.05,GAHKUCH-4 Paien
Damas,Ishkoman Puniyal,IP.02.01,AIYESH-1,G.02.06,AIYESH-1
Damas,Ishkoman Puniyal,IP.02.02,AIYESH-2,G.02.07,AIYESH-2
Damas,Ishkoman Puniyal,IP.02.03,AIYESH-3,G.02.08,AIYESH-3
Damas,Ishkoman Puniyal,IP.02.12,KUTOOLKEY,G.02.09,KUTOOLKEY
Damas,Ishkoman Puniyal,IP.02.06,DAMAS-2 Bala,G.02.10,DAMAS-2 Bala
Damas,Ishkoman Puniyal,IP.02.07,HATOON-1,G.02.11,HATOON-1
Damas,Ishkoman Puniyal,IP.02.08,HATOON-2 Sub-Centre,G.02.12,HATOON-2 Sub-Centre
Damas,Ishkoman Puniyal,IP.02.09,HATOON-3,G.02.13,HATOON-3
Damas,Ishkoman Puniyal,IP.02.10,HATOON-4,G.02.14,HATOON-4
Damas,Ishkoman Puniyal,IP.02.11,HATOON-5 Mayoon,G.02.15,HATOON-5 Mayoon
Gahkuch,Ishkoman Puniyal,IP.03.08,HASIS-1 Paien,G.02.16,HASIS-1 Paien
Gahkuch,Ishkoman Puniyal,IP.03.09,HASIS-2 Bala,G.02.17,HASIS-2 Bala
Gahkuch,Ishkoman Puniyal,IP.03.01,ANWERABAD,G.02.18,ANWERABAD
Gahkuch,Ishkoman Puniyal,IP.03.11,SILPI-1 Paien,G.02.19,SILPI-1 Paien
Gahkuch,Ishkoman Puniyal,IP.03.12,SILPI-2 Bala,G.02.20,SILPI-2 Bala
Gahkuch,Ishkoman Puniyal,IP.03.06,GAKUCH-5 Bala,G.02.21,GAKUCH-5 Bala
Damas,Ishkoman Puniyal,IP.02.13,NOORABAD Damas,G.02.22,NOORABAD Damas
Gahkuch,Ishkoman Puniyal,IP.03.10,HASIS-3 Bidiri Khai,G.02.23,HASIS-3 Bidiri Khai
Gahkuch,Ishkoman Puniyal,IP.03.07,GOLO DASS - 2 ,G.02.24,GOLO DASS - 2 
Damas,Ishkoman Puniyal,IP.02.14,ZULFIQARABAD Damas ,G.02.27,ZULFIQARABAD Damas 
Damas,Ishkoman Puniyal,IP.02.04,AZIZABAD Hatoon-6,G.02.28,AZIZABAD Hatoon-6
Chatoorkhand,Ishkoman Puniyal,IP.01.03,CHATOORKHAND Central,G.03.01,CHATOORKHAND Central
Chatoorkhand,Ishkoman Puniyal,IP.01.13,FAMANI,G.03.02,FAMANI
Chatoorkhand,Ishkoman Puniyal,IP.01.02,BIRGALE,G.03.03,BIRGALE
Chatoorkhand,Ishkoman Puniyal,IP.01.14,KOCHDEH,G.03.04,KOCHDEH
Chatoorkhand,Ishkoman Puniyal,IP.01.07,DAIEN - 1 Paien,G.03.05,DAIEN - 1 Paien
Chatoorkhand,Ishkoman Puniyal,IP.01.08,DAIEN - 2 Bala,G.03.06,DAIEN - 2 Bala
Chatoorkhand,Ishkoman Puniyal,IP.01.09,DAIEN - 3,G.03.07,DAIEN - 3
Chatoorkhand,Ishkoman Puniyal,IP.01.01,AMYNABAD,G.03.08,AMYNABAD
Chatoorkhand,Ishkoman Puniyal,IP.01.19,PAKORA - 3,G.03.09,PAKORA - 3
Chatoorkhand,Ishkoman Puniyal,IP.01.18,PAKORA - 2,G.03.10,PAKORA - 2
Chatoorkhand,Ishkoman Puniyal,IP.01.17,PAKORA - 1,G.03.11,PAKORA - 1
Chatoorkhand,Ishkoman Puniyal,IP.01.20,RAHIMABAD Shunas,G.03.12,RAHIMABAD Shunas
Chatoorkhand,Ishkoman Puniyal,IP.01.04,CHATOORKHAND Paien,G.03.13,CHATOORKHAND Paien
Chatoorkhand,Ishkoman Puniyal,IP.01.10,DAIEN - 4 Dook,G.03.14,DAIEN - 4 Dook
Chatoorkhand,Ishkoman Puniyal,IP.01.11,DAIEN - 5 GOOL,G.03.15,DAIEN - 5 GOOL
Chatoorkhand,Ishkoman Puniyal,IP.01.05,CHATOORKHAND-3,G.03.16,CHATOORKHAND-3
Chatoorkhand,Ishkoman Puniyal,IP.01.06,CHINAR,G.03.17,CHINAR
Chatoorkhand,Ishkoman Puniyal,IP.01.16,"MAWLAABAD, Daien - 6",G.03.18,"MAWLAABAD, Daien - 6"
Chatoorkhand,Ishkoman Puniyal,IP.01.12,DAIEN - 7 Paien,G.03.19,DAIEN - 7 Paien
Chatoorkhand,Ishkoman Puniyal,IP.01.15,KOCHDEH - 2,G.03.20,KOCHDEH - 2
Ishkoman,Ishkoman Puniyal,IP.05.06,ISKHOMAN Central,G.04.01,ISKHOMAN Central
Ishkoman,Ishkoman Puniyal,IP.05.11,TAPUSHKIN,G.04.02,TAPUSHKIN
Ishkoman,Ishkoman Puniyal,IP.05.02,DALTI,G.04.03,DALTI
Ishkoman,Ishkoman Puniyal,IP.05.12,TUSHKIN,G.04.04,TUSHKIN
Ishkoman,Ishkoman Puniyal,IP.05.08,MOMINABAD,G.04.05,MOMINABAD
Ishkoman,Ishkoman Puniyal,IP.05.10,SHENIKEY,G.04.06,SHENIKEY
Ishkoman,Ishkoman Puniyal,IP.05.04,FAIZABAD,G.04.07,FAIZABAD
Ishkoman,Ishkoman Puniyal,IP.05.07,JALALABAD,G.04.08,JALALABAD
Ishkoman,Ishkoman Puniyal,IP.05.09,RAHIMABAD Gotolti,G.04.09,RAHIMABAD Gotolti
Ishkoman,Ishkoman Puniyal,IP.05.03,DAWOODABAD,G.04.10,DAWOODABAD
Ishkoman,Ishkoman Puniyal,IP.05.05,FAIZABAD - 2 Bala,G.04.11,FAIZABAD - 2 Bala
Ishkoman,Ishkoman Puniyal,IP.05.01,ALYBASTI TUSHKIN - 2,G.04.12,ALYBASTI TUSHKIN - 2
Immit,Ishkoman Puniyal,IP.04.11,IMMIT Central,G.05.01,IMMIT Central
Immit,Ishkoman Puniyal,IP.04.18,RAHIMABAD Bar Jungle,G.05.02,RAHIMABAD Bar Jungle
Immit,Ishkoman Puniyal,IP.04.09,GISH GISH-1,G.05.03,GISH GISH-1
Immit,Ishkoman Puniyal,IP.04.10,GISH GISH-2,G.05.04,GISH GISH-2
Immit,Ishkoman Puniyal,IP.04.22,SULTANABAD,G.05.05,SULTANABAD
Immit,Ishkoman Puniyal,IP.04.20,SHAMSABAD Kakunekay,G.05.06,SHAMSABAD Kakunekay
Immit,Ishkoman Puniyal,IP.04.19,REHMATABAD-1 Mujawar,G.05.07,REHMATABAD-1 Mujawar
Immit,Ishkoman Puniyal,IP.04.04,BILHANZ-1,G.05.08,BILHANZ-1
Immit,Ishkoman Puniyal,IP.04.05,BILHANZ-2,G.05.09,BILHANZ-2
Immit,Ishkoman Puniyal,IP.04.23,TESHNALOT,G.05.10,TESHNALOT
Immit,Ishkoman Puniyal,IP.04.02,BARSWAT,G.05.11,BARSWAT
Immit,Ishkoman Puniyal,IP.04.12,KUNJ Ganjabad,G.05.12,KUNJ Ganjabad
Immit,Ishkoman Puniyal,IP.04.06,BOARTH,G.05.13,BOARTH
Immit,Ishkoman Puniyal,IP.04.03,BAZAR KUTOO,G.05.14,BAZAR KUTOO
Immit,Ishkoman Puniyal,IP.04.13,MOHTRAM DAS,G.05.15,MOHTRAM DAS
Immit,Ishkoman Puniyal,IP.04.08,DOWERDAS,G.05.16,DOWERDAS
Immit,Ishkoman Puniyal,IP.04.15,NASIRABAD,G.05.17,NASIRABAD
Immit,Ishkoman Puniyal,IP.04.16,NAUBAHAR,G.05.18,NAUBAHAR
Immit,Ishkoman Puniyal,IP.04.14,MUJAWAR,G.05.19,MUJAWAR
Immit,Ishkoman Puniyal,IP.04.17,NOORABAD,G.05.20,NOORABAD
Immit,Ishkoman Puniyal,IP.04.01,ALYABAD,G.05.21,ALYABAD
Immit,Ishkoman Puniyal,IP.04.07,BOOQ SHAMSABAD,G.05.22,BOOQ SHAMSABAD
Immit,Ishkoman Puniyal,IP.04.21,SHEHRI ROI,G.05.23,SHEHRI ROI
Gupis,Gupis Yasin,GY.02.09,GUPIS Central,H.01.01,GUPIS Central
Gupis,Gupis Yasin,GY.02.24,YANGAL-1 Paien,H.01.02,YANGAL-1 Paien
Gupis,Gupis Yasin,GY.02.25,YANGAL-2 Bala,H.01.03,YANGAL-2 Bala
Gupis,Gupis Yasin,GY.02.07,DURNAK,H.01.04,DURNAK
Gupis,Gupis Yasin,GY.02.22,SUMAL,H.01.05,SUMAL
Gupis,Gupis Yasin,GY.02.19,MAULAABAD,H.01.06,MAULAABAD
Gupis,Gupis Yasin,GY.02.23,TALIDAS,H.01.07,TALIDAS
Gupis,Gupis Yasin,GY.02.01,ALY BASTI,H.01.08,ALY BASTI
Gupis,Gupis Yasin,GY.02.21,RAUSHAN,H.01.09,RAUSHAN
Gupis,Gupis Yasin,GY.02.12,HAKIS,H.01.10,HAKIS
Gupis,Gupis Yasin,GY.02.10,GUPIS-1 Daas,H.01.11,GUPIS-1 Daas
Gupis,Gupis Yasin,GY.02.13,HAMARDAS,H.01.12,HAMARDAS
Gupis,Gupis Yasin,GY.02.05,DODOSHOT,H.01.13,DODOSHOT
Gupis,Gupis Yasin,GY.02.06,DROTE,H.01.14,DROTE
Gupis,Gupis Yasin,GY.02.11,GUPIS-2 Bala,H.01.15,GUPIS-2 Bala
Gupis,Gupis Yasin,GY.02.04,DALTI,H.01.16,DALTI
Gupis,Gupis Yasin,GY.02.14,KARIMABAD-1 Sub Centre,H.02.01,KARIMABAD-1 Sub Centre
Gupis,Gupis Yasin,GY.02.15,KARIMABAD-2 Bala,H.02.02,KARIMABAD-2 Bala
Gupis,Gupis Yasin,GY.02.16,KARIMABAD-3 Paien,H.02.03,KARIMABAD-3 Paien
Gupis,Gupis Yasin,GY.02.02,ALYABAD,H.02.04,ALYABAD
Gupis,Gupis Yasin,GY.02.03,CHIRMAYUN,H.02.05,CHIRMAYUN
Gupis,Gupis Yasin,GY.02.08,GAMIS,H.02.06,GAMIS
Gupis,Gupis Yasin,GY.02.18,KHALTI,H.02.07,KHALTI
Pingal,Gupis Yasin,GY.04.13,THANGAI Sub-Centre,H.02.08,THANGAI Sub-Centre
Pingal,Gupis Yasin,GY.04.04,JOLIJAL,H.02.09,JOLIJAL
Pingal,Gupis Yasin,GY.04.01,DAHIMAL,H.02.10,DAHIMAL
Pingal,Gupis Yasin,GY.04.08,NOLTY,H.02.11,NOLTY
Pingal,Gupis Yasin,GY.04.02,HAMER,H.02.12,HAMER
Pingal,Gupis Yasin,GY.04.11,SARALO KHOTU,H.02.13,SARALO KHOTU
Pingal,Gupis Yasin,GY.04.06,MATUJ LASHT,H.02.14,MATUJ LASHT
Pingal,Gupis Yasin,GY.04.07,NOGHOOR LASHT,H.02.15,NOGHOOR LASHT
Pingal,Gupis Yasin,GY.04.09,PAYUKHUSH,H.02.16,PAYUKHUSH
Pingal,Gupis Yasin,GY.04.10,PINGAL,H.02.17,PINGAL
Pingal,Gupis Yasin,GY.04.12,SOSOT,H.02.18,SOSOT
Pingal,Gupis Yasin,GY.04.05,KHASUNDER,H.02.19,KHASUNDER
Gupis,Gupis Yasin,GY.02.17,KASHBAT,H.02.20,KASHBAT
Gupis,Gupis Yasin,GY.02.20,NOORABAD,H.02.21,NOORABAD
Gupis,Gupis Yasin,GY.02.26,ZULFIQARABAD Khalti ,H.02.22,ZULFIQARABAD Khalti 
Pingal,Gupis Yasin,GY.04.03,JIKARUM,H.02.23,JIKARUM
Phunder,Gupis Yasin,GY.03.15,PHUNDER Central,H.03.01,PHUNDER Central
Phunder,Gupis Yasin,GY.03.21,SHAMARAN-1,H.03.02,SHAMARAN-1
Phunder,Gupis Yasin,GY.03.22,SHAMARAN-2,H.03.03,SHAMARAN-2
Phunder,Gupis Yasin,GY.03.18,RAWAT Shamaran-3,H.03.04,RAWAT Shamaran-3
Phunder,Gupis Yasin,GY.03.23,SHINGLAT,H.03.05,SHINGLAT
Phunder,Gupis Yasin,GY.03.04,CHASHI-1 Bala,H.03.06,CHASHI-1 Bala
Phunder,Gupis Yasin,GY.03.05,CHASHI-2 Paien,H.03.07,CHASHI-2 Paien
Phunder,Gupis Yasin,GY.03.01,ALYABAD Anotek,H.03.08,ALYABAD Anotek
Phunder,Gupis Yasin,GY.03.20,SHAHABAD,H.03.09,SHAHABAD
Phunder,Gupis Yasin,GY.03.09,DERBARKOLTI-1 Paien,H.03.10,DERBARKOLTI-1 Paien
Phunder,Gupis Yasin,GY.03.10,DERBARKOLTI-2 Bala,H.03.11,DERBARKOLTI-2 Bala
Phunder,Gupis Yasin,GY.03.16,RAHIMABAD Derberkulti-3,H.03.12,RAHIMABAD Derberkulti-3
Phunder,Gupis Yasin,GY.03.11,GHOLOGH,H.03.13,GHOLOGH
Phunder,Gupis Yasin,GY.03.19,SERBAL,H.03.14,SERBAL
Phunder,Gupis Yasin,GY.03.13,KINOTE,H.03.15,KINOTE
Phunder,Gupis Yasin,GY.03.07,DALOMAL,H.03.16,DALOMAL
Phunder,Gupis Yasin,GY.03.03,BEREST,H.03.17,BEREST
Phunder,Gupis Yasin,GY.03.02,ALYABAD Shamaran-4,H.03.18,ALYABAD Shamaran-4
Phunder,Gupis Yasin,GY.03.14,MOMEENABAD Shamaran-5,H.03.19,MOMEENABAD Shamaran-5
Phunder,Gupis Yasin,GY.03.12,JAFFARABAD Joharbabad,H.03.20,JAFFARABAD Joharbabad
Phunder,Gupis Yasin,GY.03.06,CHASHI-3 Tologh,H.03.21,CHASHI-3 Tologh
Phunder,Gupis Yasin,GY.03.17,RAWAT - 2,H.03.22,RAWAT - 2
Phunder,Gupis Yasin,GY.03.08,DALOMAL - 2,H.03.23,DALOMAL - 2
Gholaghmuli,Gupis Yasin,GY.01.09,GHOLAGHMULLI Central,H.04.01,GHOLAGHMULLI Central
Gholaghmuli,Gupis Yasin,GY.01.17,SHAHIMAL,H.04.02,SHAHIMAL
Gholaghmuli,Gupis Yasin,GY.01.18,TERECH,H.04.03,TERECH
Gholaghmuli,Gupis Yasin,GY.01.16,KHONANDEH,H.04.04,KHONANDEH
Gholaghmuli,Gupis Yasin,GY.01.08,BOYANDEH,H.04.05,BOYANDEH
Gholaghmuli,Gupis Yasin,GY.01.10,GHOLAGHTORI,H.04.06,GHOLAGHTORI
Gholaghmuli,Gupis Yasin,GY.01.14,HUSSAINABAD,H.04.07,HUSSAINABAD
Gholaghmuli,Gupis Yasin,GY.01.12,HUNDRAP-1 Paien,H.04.08,HUNDRAP-1 Paien
Gholaghmuli,Gupis Yasin,GY.01.13,HUNDRAP-2 Bala,H.04.09,HUNDRAP-2 Bala
Gholaghmuli,Gupis Yasin,GY.01.01,ALYABAD Hundrap-3,H.04.10,ALYABAD Hundrap-3
Gholaghmuli,Gupis Yasin,GY.01.19,TERU-1 Bahachi,H.04.11,TERU-1 Bahachi
Gholaghmuli,Gupis Yasin,GY.01.20,TERU-2 Paien,H.04.12,TERU-2 Paien
Gholaghmuli,Gupis Yasin,GY.01.21,TERU-3 Bala,H.04.13,TERU-3 Bala
Gholaghmuli,Gupis Yasin,GY.01.15,KARIMABAD Teru-4,H.04.14,KARIMABAD Teru-4
Gholaghmuli,Gupis Yasin,GY.01.11,HELTY,H.04.15,HELTY
Gholaghmuli,Gupis Yasin,GY.01.02,BARSET-1,H.04.16,BARSET-1
Gholaghmuli,Gupis Yasin,GY.01.03,BARSET-2,H.04.17,BARSET-2
Gholaghmuli,Gupis Yasin,GY.01.04,BARSET-3,H.04.18,BARSET-3
Gholaghmuli,Gupis Yasin,GY.01.05,BARSET-4 Brundan,H.04.19,BARSET-4 Brundan
Gholaghmuli,Gupis Yasin,GY.01.06,BARSET-5 Akhtobaring,H.04.20,BARSET-5 Akhtobaring
Gholaghmuli,Gupis Yasin,GY.01.07,BARSET-6 Utaily,H.04.21,BARSET-6 Utaily
Yasin,Gupis Yasin,GY.08.16,YASIN Central,H.05.01,YASIN Central
Yasin,Gupis Yasin,GY.08.03,DAMALGUN,H.05.02,DAMALGUN
Yasin,Gupis Yasin,GY.08.05,GINDAI-2,H.05.03,GINDAI-2
Yasin,Gupis Yasin,GY.08.04,GINDAI-1,H.05.04,GINDAI-1
Yasin,Gupis Yasin,GY.08.08,MAHSHER,H.05.05,MAHSHER
Yasin,Gupis Yasin,GY.08.14,NOOH-1 Bala,H.05.06,NOOH-1 Bala
Yasin,Gupis Yasin,GY.08.09,MURKAH,H.05.07,MURKAH
Yasin,Gupis Yasin,GY.08.01,ATKASH,H.05.08,ATKASH
Yasin,Gupis Yasin,GY.08.02,BOJAYOUT,H.05.09,BOJAYOUT
Yasin,Gupis Yasin,GY.08.19,YASIN-4 Manich,H.05.10,YASIN-4 Manich
Yasin,Gupis Yasin,GY.08.18,YASIN-3,H.05.11,YASIN-3
Yasin,Gupis Yasin,GY.08.17,YASIN-2,H.05.12,YASIN-2
Yasin,Gupis Yasin,GY.08.10,NAZBAR-1,H.05.13,NAZBAR-1
Yasin,Gupis Yasin,GY.08.11,NAZBAR-2,H.05.14,NAZBAR-2
Yasin,Gupis Yasin,GY.08.12,NAZBAR-3,H.05.15,NAZBAR-3
Yasin,Gupis Yasin,GY.08.13,NAZBAR-4,H.05.16,NAZBAR-4
Yasin,Gupis Yasin,GY.08.07,HELTER,H.05.17,HELTER
Yasin,Gupis Yasin,GY.08.15,NOOH-2 Paien,H.05.18,NOOH-2 Paien
Yasin,Gupis Yasin,GY.08.06,GINDAI-3,H.05.19,GINDAI-3
Sultanabad,Gupis Yasin,GY.06.13,SULTANABAD-1 SubCentre,H.06.01,SULTANABAD-1 SubCentre
Sultanabad,Gupis Yasin,GY.06.14,SULTANABAD-2,H.06.02,SULTANABAD-2
Sultanabad,Gupis Yasin,GY.06.15,SULTANABAD-3,H.06.03,SULTANABAD-3
Sultanabad,Gupis Yasin,GY.06.16,SULTANABAD-4,H.06.04,SULTANABAD-4
Sultanabad,Gupis Yasin,GY.06.03,GOJALTI-1,H.06.05,GOJALTI-1
Sultanabad,Gupis Yasin,GY.06.04,GOJALTI-2,H.06.06,GOJALTI-2
Sultanabad,Gupis Yasin,GY.06.09,SANDEY - 1,H.06.07,SANDEY - 1
Sultanabad,Gupis Yasin,GY.06.10,SANDEY - 2 Paien,H.06.08,SANDEY - 2 Paien
Sultanabad,Gupis Yasin,GY.06.11,SANDEY - 3,H.06.09,SANDEY - 3
Sultanabad,Gupis Yasin,GY.06.02,DALSANDEY,H.06.10,DALSANDEY
Sultanabad,Gupis Yasin,GY.06.18,TAOUS-1,H.06.11,TAOUS-1
Sultanabad,Gupis Yasin,GY.06.19,TAOUS-2,H.06.12,TAOUS-2
Sultanabad,Gupis Yasin,GY.06.20,TAOUS-3,H.06.13,TAOUS-3
Sultanabad,Gupis Yasin,GY.06.21,TAOUS-4,H.06.14,TAOUS-4
Sultanabad,Gupis Yasin,GY.06.22,TAOUS-5,H.06.15,TAOUS-5
Sultanabad,Gupis Yasin,GY.06.23,TAOUS-6,H.06.16,TAOUS-6
Sultanabad,Gupis Yasin,GY.06.06,QARKULTEY-1 Paien,H.06.17,QARKULTEY-1 Paien
Sultanabad,Gupis Yasin,GY.06.07,QARKULTEY-2 Bala,H.06.18,QARKULTEY-2 Bala
Sultanabad,Gupis Yasin,GY.06.08,QARKULTEY-3 Bardass,H.06.19,QARKULTEY-3 Bardass
Sultanabad,Gupis Yasin,GY.06.05,MAWLAABAD Sandey-4,H.06.20,MAWLAABAD Sandey-4
Sultanabad,Gupis Yasin,GY.06.17,TAOUS 7,H.06.21,TAOUS 7
Sultanabad,Gupis Yasin,GY.06.12,SANDEY - 5,H.06.22,SANDEY - 5
Sultanabad,Gupis Yasin,GY.06.01,CHIKMOJOOR,H.06.23,CHIKMOJOOR
Silgan,Gupis Yasin,GY.05.15,HUNDUR Central,H.07.01,HUNDUR Central
Silgan,Gupis Yasin,GY.05.09,DARKUT-1,H.07.02,DARKUT-1
Silgan,Gupis Yasin,GY.05.10,DARKUT-2,H.07.03,DARKUT-2
Silgan,Gupis Yasin,GY.05.11,DARKUT-3,H.07.04,DARKUT-3
Silgan,Gupis Yasin,GY.05.12,DARKUT-4 Gamelti,H.07.05,DARKUT-4 Gamelti
Silgan,Gupis Yasin,GY.05.13,DARKUT-5 Gartenz,H.07.06,DARKUT-5 Gartenz
Silgan,Gupis Yasin,GY.05.14,DARKUT-6 Ghasum,H.07.07,DARKUT-6 Ghasum
Silgan,Gupis Yasin,GY.05.22,UMALSAT-1,H.07.08,UMALSAT-1
Silgan,Gupis Yasin,GY.05.23,UMALSAT-2,H.07.09,UMALSAT-2
Silgan,Gupis Yasin,GY.05.21,HUNDUR-7 Terset,H.07.10,HUNDUR-7 Terset
Silgan,Gupis Yasin,GY.05.20,HUNDUR-6 Burakot,H.07.11,HUNDUR-6 Burakot
Silgan,Gupis Yasin,GY.05.19,HUNDUR-5,H.07.12,HUNDUR-5
Silgan,Gupis Yasin,GY.05.18,HUNDUR-4,H.07.13,HUNDUR-4
Silgan,Gupis Yasin,GY.05.17,HUNDUR-3,H.07.14,HUNDUR-3
Silgan,Gupis Yasin,GY.05.16,HUNDUR-2,H.07.15,HUNDUR-2
Silgan,Gupis Yasin,GY.05.01,BERKULTEY-1,H.07.16,BERKULTEY-1
Silgan,Gupis Yasin,GY.05.02,BERKULTEY-2,H.07.17,BERKULTEY-2
Silgan,Gupis Yasin,GY.05.03,BERKULTEY-3,H.07.18,BERKULTEY-3
Silgan,Gupis Yasin,GY.05.04,BERKULTEY-4,H.07.19,BERKULTEY-4
Silgan,Gupis Yasin,GY.05.05,BERKULTEY-5,H.07.20,BERKULTEY-5
Silgan,Gupis Yasin,GY.05.06,BERKULTEY-6,H.07.21,BERKULTEY-6
Silgan,Gupis Yasin,GY.05.07,BERKULTEY-7 Shaghitan,H.07.22,BERKULTEY-7 Shaghitan
Silgan,Gupis Yasin,GY.05.08,BERKULTEY-8,H.07.23,BERKULTEY-8
Thoi,Gupis Yasin,GY.07.21,THOI Central Harf-1,H.08.01,THOI Central Harf-1
Thoi,Gupis Yasin,GY.07.08,GHAINCHEL,H.08.02,GHAINCHEL
Thoi,Gupis Yasin,GY.07.11,ISHKAIBAR,H.08.03,ISHKAIBAR
Thoi,Gupis Yasin,GY.07.02,DALKOI,H.08.04,DALKOI
Thoi,Gupis Yasin,GY.07.03,DAPIS,H.08.05,DAPIS
Thoi,Gupis Yasin,GY.07.06,DRACH,H.08.06,DRACH
Thoi,Gupis Yasin,GY.07.09,HARF-2 Bala,H.08.07,HARF-2 Bala
Thoi,Gupis Yasin,GY.07.10,HARF-3 Paien,H.08.08,HARF-3 Paien
Thoi,Gupis Yasin,GY.07.18,RAHIMABAD,H.08.09,RAHIMABAD
Thoi,Gupis Yasin,GY.07.14,KUNO,H.08.10,KUNO
Thoi,Gupis Yasin,GY.07.19,SHOTE,H.08.11,SHOTE
Thoi,Gupis Yasin,GY.07.01,CHIRYAT,H.08.12,CHIRYAT
Thoi,Gupis Yasin,GY.07.12,ISHKAMDAS,H.08.13,ISHKAMDAS
Thoi,Gupis Yasin,GY.07.07,DRASKIN,H.08.14,DRASKIN
Thoi,Gupis Yasin,GY.07.04,DASS-1 Paien,H.08.15,DASS-1 Paien
Thoi,Gupis Yasin,GY.07.05,DASS-2 Bala,H.08.16,DASS-2 Bala
Thoi,Gupis Yasin,GY.07.20,THELTI,H.08.17,THELTI
Thoi,Gupis Yasin,GY.07.15,NALTY - 1,H.08.18,NALTY - 1
Thoi,Gupis Yasin,GY.07.13,KARIMABAD,H.08.19,KARIMABAD
Thoi,Gupis Yasin,GY.07.16,NALTY -2,H.08.20,NALTY -2
Thoi,Gupis Yasin,GY.07.17,QADAMABAD,H.08.21,QADAMABAD
Chitral Town,Lower Chitral,LC.02.18,SEEN LASHT,I.01.01,SEEN LASHT
Chitral Town,Lower Chitral,LC.02.11,HUSSAINABAD,I.01.02,HUSSAINABAD
Chitral Town,Lower Chitral,LC.02.04,BILPUK,I.01.03,BILPUK
Chitral Town,Lower Chitral,LC.02.05,BODYOUGH,I.01.04,BODYOUGH
Chitral Town,Lower Chitral,LC.02.12,KASETH,I.01.05,KASETH
Chitral Town,Lower Chitral,LC.02.07,BUHTULI DOOK,I.01.06,BUHTULI DOOK
Chitral Town,Lower Chitral,LC.02.06,BUHTULI DEH,I.01.07,BUHTULI DEH
Chitral Town,Lower Chitral,LC.02.13,KILISHP,I.01.08,KILISHP
Chitral Town,Lower Chitral,LC.02.08,BUHTULI GOOL-1,I.01.09,BUHTULI GOOL-1
Chitral Town,Lower Chitral,LC.02.09,BUHTULI GOOL-2,I.01.10,BUHTULI GOOL-2
Chitral Town,Lower Chitral,LC.02.10,CHINAR SOCIETY,I.01.11,CHINAR SOCIETY
Chitral Town,Lower Chitral,LC.02.14,LASHT DEH Parsan,I.01.13,LASHT DEH Parsan
Chitral Town,Lower Chitral,LC.02.16,MIRLAN DEH Parsan,I.01.14,MIRLAN DEH Parsan
Chitral Town,Lower Chitral,LC.02.03,BILBIL Parsan,I.01.15,BILBIL Parsan
Chitral Town,Lower Chitral,LC.02.19,TILGRAM Parsan,I.01.16,TILGRAM Parsan
Chitral Town,Lower Chitral,LC.02.15,MAJIMI Parsan,I.01.17,MAJIMI Parsan
Chitral Town,Lower Chitral,LC.02.01,ARGESH Parsan,I.01.18,ARGESH Parsan
Madaklasht,Lower Chitral,LC.04.02,"MADAKLASHT-2, Sub-Centre",I.01.19,"MADAKLASHT-2, Sub-Centre"
Madaklasht,Lower Chitral,LC.04.01,MADAKLASHT-1,I.01.20,MADAKLASHT-1
Madaklasht,Lower Chitral,LC.04.03,MADAKLASHT-3,I.01.21,MADAKLASHT-3
Madaklasht,Lower Chitral,LC.04.04,MADAKLASHT-4,I.01.22,MADAKLASHT-4
Chitral Town,Lower Chitral,LC.02.17,OGHDER,I.01.23,OGHDER
Chitral Town,Lower Chitral,LC.02.02,BALACH,I.01.24,BALACH
Shoghore,Lower Chitral,LC.06.16,SHOGHORE Central,I.02.01,SHOGHORE Central
Shoghore,Lower Chitral,LC.06.01,AWI,I.02.02,AWI
Shoghore,Lower Chitral,LC.06.20,SIWATH-1,I.02.03,SIWATH-1
Shoghore,Lower Chitral,LC.06.19,SIWAHTH-2,I.02.04,SIWAHTH-2
Shoghore,Lower Chitral,LC.06.03,HASANABAD,I.02.05,HASANABAD
Shoghore,Lower Chitral,LC.06.06,KIRCHUM,I.02.06,KIRCHUM
Shoghore,Lower Chitral,LC.06.21,SUNICH,I.02.07,SUNICH
Shoghore,Lower Chitral,LC.06.05,ISHPADER,I.02.08,ISHPADER
Shoghore,Lower Chitral,LC.06.15,SHERSHAL,I.02.09,SHERSHAL
Shoghore,Lower Chitral,LC.06.02,GHORO GOOL,I.02.10,GHORO GOOL
Shoghore,Lower Chitral,LC.06.13,RUJI,I.02.11,RUJI
Shoghore,Lower Chitral,LC.06.07,KUCH GAH Shuljah,I.02.12,KUCH GAH Shuljah
Shoghore,Lower Chitral,LC.06.11,MOMOON,I.02.13,MOMOON
Shoghore,Lower Chitral,LC.06.08,MOMI-1 Paien,I.02.14,MOMI-1 Paien
Shoghore,Lower Chitral,LC.06.09,MOMI-2 Bala,I.02.15,MOMI-2 Bala
Shoghore,Lower Chitral,LC.06.10,MOMI-3 Khamjenandeh,I.02.16,MOMI-3 Khamjenandeh
Shoghore,Lower Chitral,LC.06.04,HERENI,I.02.17,HERENI
Shoghore,Lower Chitral,LC.06.22,UCHETUR,I.02.18,UCHETUR
Shoghore,Lower Chitral,LC.06.12,PECHUCH,I.02.19,PECHUCH
Shoghore,Lower Chitral,LC.06.17,SHOGHORE GHARI,I.02.20,SHOGHORE GHARI
Shoghore,Lower Chitral,LC.06.14,RUNI,I.02.21,RUNI
Shoghore,Lower Chitral,LC.06.18,SIWAHT -3,I.02.22,SIWAHT -3
Susum,Lower Chitral,LC.07.14,KARIMABAD Susum Central,I.03.01,KARIMABAD Susum Central
Susum,Lower Chitral,LC.07.15,KIYAR,I.03.02,KIYAR
Susum,Lower Chitral,LC.07.23,PITRAGRAM-1,I.03.03,PITRAGRAM-1
Susum,Lower Chitral,LC.07.24,PITRAGRAM-2,I.03.04,PITRAGRAM-2
Susum,Lower Chitral,LC.07.30,SUSUM LASHT,I.03.05,SUSUM LASHT
Susum,Lower Chitral,LC.07.02,BISH NOGHOR,I.03.06,BISH NOGHOR
Susum,Lower Chitral,LC.07.07,DOOK DUR,I.03.07,DOOK DUR
Susum,Lower Chitral,LC.07.05,DARDAI,I.03.08,DARDAI
Susum,Lower Chitral,LC.07.06,DARDAI KULUM,I.03.09,DARDAI KULUM
Susum,Lower Chitral,LC.07.03,BRESHGRAM Sub Centre,I.03.10,BRESHGRAM Sub Centre
Susum,Lower Chitral,LC.07.11,HINJIL-1,I.03.11,HINJIL-1
Susum,Lower Chitral,LC.07.12,HINJIL-2,I.03.12,HINJIL-2
Susum,Lower Chitral,LC.07.13,HINJIL-3,I.03.13,HINJIL-3
Susum,Lower Chitral,LC.07.33,THOK JAL,I.03.14,THOK JAL
Susum,Lower Chitral,LC.07.04,DALMEER,I.03.15,DALMEER
Susum,Lower Chitral,LC.07.16,KULUM BRESHGRAM,I.03.16,KULUM BRESHGRAM
Susum,Lower Chitral,LC.07.27,SHUTH-1,I.03.17,SHUTH-1
Susum,Lower Chitral,LC.07.28,SHUTH-2,I.03.18,SHUTH-2
Susum,Lower Chitral,LC.07.29,SHUTH-3,I.03.19,SHUTH-3
Susum,Lower Chitral,LC.07.20,ORGHUCH,I.03.20,ORGHUCH
Susum,Lower Chitral,LC.07.26,SHAHNURUN,I.03.21,SHAHNURUN
Susum,Lower Chitral,LC.07.10,GREE Sub-Centre,I.03.22,GREE Sub-Centre
Susum,Lower Chitral,LC.07.08,DRONIL,I.03.23,DRONIL
Susum,Lower Chitral,LC.07.09,GALEH,I.03.24,GALEH
Susum,Lower Chitral,LC.07.31,TASHQAR-1,I.03.25,TASHQAR-1
Susum,Lower Chitral,LC.07.32,TASHQAR-2,I.03.26,TASHQAR-2
Susum,Lower Chitral,LC.07.18,MADASHIL-1,I.03.27,MADASHIL-1
Susum,Lower Chitral,LC.07.19,MADASHIL-2,I.03.28,MADASHIL-2
Susum,Lower Chitral,LC.07.25,SHAH,I.03.29,SHAH
Susum,Lower Chitral,LC.07.21,ORLAGH,I.03.30,ORLAGH
Susum,Lower Chitral,LC.07.17,LORIGRAM,I.03.31,LORIGRAM
Susum,Lower Chitral,LC.07.22,PASTURAGH,I.03.32,PASTURAGH
Susum,Lower Chitral,LC.07.01,AJARANDEH,I.03.33,AJARANDEH
Arkari,Lower Chitral,LC.01.02,ALYABAD Arkari-Central,I.04.01,ALYABAD Arkari-Central
Arkari,Lower Chitral,LC.01.10,RAHIMABAD,I.04.02,RAHIMABAD
Arkari,Lower Chitral,LC.01.13,SHOL,I.04.03,SHOL
Arkari,Lower Chitral,LC.01.14,SHUNJUR GHUCH,I.04.04,SHUNJUR GHUCH
Arkari,Lower Chitral,LC.01.11,SADDAM,I.04.05,SADDAM
Arkari,Lower Chitral,LC.01.03,BESTI - 1 Paien,I.04.06,BESTI - 1 Paien
Arkari,Lower Chitral,LC.01.04,BESTI - 2 Bala,I.04.07,BESTI - 2 Bala
Arkari,Lower Chitral,LC.01.01,AFZALABAD,I.04.08,AFZALABAD
Arkari,Lower Chitral,LC.01.07,PURPUNI,I.04.09,PURPUNI
Arkari,Lower Chitral,LC.01.12,SAFEED ARKARI,I.04.10,SAFEED ARKARI
Arkari,Lower Chitral,LC.01.08,RABAT,I.04.11,RABAT
Arkari,Lower Chitral,LC.01.05,OWEER-1,I.04.12,OWEER-1
Arkari,Lower Chitral,LC.01.06,OWEER-2 Lasht,I.04.13,OWEER-2 Lasht
Arkari,Lower Chitral,LC.01.15,SULTANABAD,I.04.14,SULTANABAD
Arkari,Lower Chitral,LC.01.09,RABAT MOKHI,I.04.15,RABAT MOKHI
Garamchashma,Lower Chitral,LC.03.43,NASIRABAD Central Ziarat,I.05.01,NASIRABAD Central Ziarat
Garamchashma,Lower Chitral,LC.03.32,MOGH-1,I.05.02,MOGH-1
Garamchashma,Lower Chitral,LC.03.33,MOGH-2 Neej,I.05.03,MOGH-2 Neej
Garamchashma,Lower Chitral,LC.03.57,UCHO,I.05.04,UCHO
Garamchashma,Lower Chitral,LC.03.46,OCHU GOOL-1,I.05.05,OCHU GOOL-1
Garamchashma,Lower Chitral,LC.03.29,MEJEGRAM-1,I.05.06,MEJEGRAM-1
Garamchashma,Lower Chitral,LC.03.30,MEJEGRAM-2,I.05.07,MEJEGRAM-2
Garamchashma,Lower Chitral,LC.03.31,MEJEGRAM-3,I.05.08,MEJEGRAM-3
Garamchashma,Lower Chitral,LC.03.16,DROSHP,I.05.09,DROSHP
Garamchashma,Lower Chitral,LC.03.38,MURDAN,I.05.10,MURDAN
Garamchashma,Lower Chitral,LC.03.49,PURTO,I.05.11,PURTO
Garamchashma,Lower Chitral,LC.03.59,UTRAIE-1,I.05.12,UTRAIE-1
Garamchashma,Lower Chitral,LC.03.60,UTRAIE-2,I.05.13,UTRAIE-2
Garamchashma,Lower Chitral,LC.03.27,MAIDAN,I.05.14,MAIDAN
Garamchashma,Lower Chitral,LC.03.54,SHAGRAM-1,I.05.15,SHAGRAM-1
Garamchashma,Lower Chitral,LC.03.55,SHAGRAM-2,I.05.16,SHAGRAM-2
Garamchashma,Lower Chitral,LC.03.15,DIRI,I.05.17,DIRI
Garamchashma,Lower Chitral,LC.03.25,KHATINJ,I.05.18,KHATINJ
Garamchashma,Lower Chitral,LC.03.10,BEKHI-1,I.05.19,BEKHI-1
Garamchashma,Lower Chitral,LC.03.11,BEKHI-2,I.05.20,BEKHI-2
Garamchashma,Lower Chitral,LC.03.14,CHERWIL,I.05.21,CHERWIL
Garamchashma,Lower Chitral,LC.03.44,NIWEST,I.05.22,NIWEST
Garamchashma,Lower Chitral,LC.03.13,BURBUNO,I.05.23,BURBUNO
Garamchashma,Lower Chitral,LC.03.50,PUSTAKI-1,I.05.24,PUSTAKI-1
Garamchashma,Lower Chitral,LC.03.51,PUSTAKI-2,I.05.25,PUSTAKI-2
Garamchashma,Lower Chitral,LC.03.20,JITUR-1,I.05.26,JITUR-1
Garamchashma,Lower Chitral,LC.03.21,JITUR-2,I.05.27,JITUR-2
Garamchashma,Lower Chitral,LC.03.18,GAJAL,I.05.28,GAJAL
Garamchashma,Lower Chitral,LC.03.17,EEJ,I.05.29,EEJ
Garamchashma,Lower Chitral,LC.03.03,BASHQIR-3 Paien Sub Centre,I.05.30,BASHQIR-3 Paien Sub Centre
Garamchashma,Lower Chitral,LC.03.01,BASHQIR-1 Bala,I.05.31,BASHQIR-1 Bala
Garamchashma,Lower Chitral,LC.03.02,BASHQIR-2 Bala,I.05.32,BASHQIR-2 Bala
Garamchashma,Lower Chitral,LC.03.39,NARKURAIT-1,I.05.33,NARKURAIT-1
Garamchashma,Lower Chitral,LC.03.40,NARKURAIT-2,I.05.34,NARKURAIT-2
Garamchashma,Lower Chitral,LC.03.41,NARKURAIT-3,I.05.35,NARKURAIT-3
Garamchashma,Lower Chitral,LC.03.22,KANDUJAL-1,I.05.36,KANDUJAL-1
Garamchashma,Lower Chitral,LC.03.23,KANDUJAL-2,I.05.37,KANDUJAL-2
Garamchashma,Lower Chitral,LC.03.47,OWIRK-1,I.05.38,OWIRK-1
Garamchashma,Lower Chitral,LC.03.48,OWIRK-2,I.05.39,OWIRK-2
Garamchashma,Lower Chitral,LC.03.45,OCHILASHT,I.05.40,OCHILASHT
Garamchashma,Lower Chitral,LC.03.09,BEHMI,I.05.41,BEHMI
Garamchashma,Lower Chitral,LC.03.34,MUNOOR-1,I.05.42,MUNOOR-1
Garamchashma,Lower Chitral,LC.03.35,MUNOOR-2,I.05.43,MUNOOR-2
Garamchashma,Lower Chitral,LC.03.36,MUNOOR-3,I.05.44,MUNOOR-3
Garamchashma,Lower Chitral,LC.03.37,MUNOOR-4 Phalam,I.05.45,MUNOOR-4 Phalam
Garamchashma,Lower Chitral,LC.03.42,NARKURAIT-4 Ergo,I.05.46,NARKURAIT-4 Ergo
Garamchashma,Lower Chitral,LC.03.56,TUNIQ,I.05.47,TUNIQ
Garamchashma,Lower Chitral,LC.03.61,YOURJOGH,I.05.48,YOURJOGH
Garamchashma,Lower Chitral,LC.03.52,SANIQ,I.05.49,SANIQ
Garamchashma,Lower Chitral,LC.03.04,BEGHUSHT-1,I.05.50,BEGHUSHT-1
Garamchashma,Lower Chitral,LC.03.05,BEGHUSHT-2,I.05.51,BEGHUSHT-2
Garamchashma,Lower Chitral,LC.03.06,BEGHUSHT-3,I.05.52,BEGHUSHT-3
Garamchashma,Lower Chitral,LC.03.07,BEGHUSHT-4,I.05.53,BEGHUSHT-4
Garamchashma,Lower Chitral,LC.03.08,BEGHUSHT-5,I.05.54,BEGHUSHT-5
Garamchashma,Lower Chitral,LC.03.24,KANDUJAL-3,I.05.55,KANDUJAL-3
Garamchashma,Lower Chitral,LC.03.58,UCHU GOOL-2,I.05.56,UCHU GOOL-2
Garamchashma,Lower Chitral,LC.03.28,MAIDAN-2,I.05.57,MAIDAN-2
Garamchashma,Lower Chitral,LC.03.12,BISRI,I.05.58,BISRI
Garamchashma,Lower Chitral,LC.03.19,GHOLAKI,I.05.59,GHOLAKI
Garamchashma,Lower Chitral,LC.03.53,SANIQ PAIEN,I.05.63,SANIQ PAIEN
Garamchashma,Lower Chitral,LC.03.26,KURU Munoor - 5 ,I.05.65,KURU Munoor - 5 
Parabeg,Lower Chitral,LC.05.19,PARABEG Central,I.06.01,PARABEG Central
Parabeg,Lower Chitral,LC.05.14,KOCH,I.06.02,KOCH
Parabeg,Lower Chitral,LC.05.24,WAHAT,I.06.03,WAHAT
Parabeg,Lower Chitral,LC.05.18,OSHIEKH Musheen,I.06.04,OSHIEKH Musheen
Parabeg,Lower Chitral,LC.05.15,LOHUK,I.06.05,LOHUK
Parabeg,Lower Chitral,LC.05.12,JITUR SANIQ,I.06.06,JITUR SANIQ
Parabeg,Lower Chitral,LC.05.20,ROEE-1,I.06.07,ROEE-1
Parabeg,Lower Chitral,LC.05.21,ROEE-2,I.06.08,ROEE-2
Parabeg,Lower Chitral,LC.05.22,ROEE-3,I.06.09,ROEE-3
Parabeg,Lower Chitral,LC.05.13,KHOGHIEK,I.06.10,KHOGHIEK
Parabeg,Lower Chitral,LC.05.07,GISTINI,I.06.11,GISTINI
Parabeg,Lower Chitral,LC.05.11,GULUGH,I.06.12,GULUGH
Parabeg,Lower Chitral,LC.05.16,NOGH PEDI,I.06.13,NOGH PEDI
Parabeg,Lower Chitral,LC.05.10,GUFTI,I.06.14,GUFTI
Parabeg,Lower Chitral,LC.05.03,BIRZEEN-1,I.06.15,BIRZEEN-1
Parabeg,Lower Chitral,LC.05.04,BIRZEEN-2,I.06.16,BIRZEEN-2
Parabeg,Lower Chitral,LC.05.05,BIRZEEN-3,I.06.17,BIRZEEN-3
Parabeg,Lower Chitral,LC.05.17,OGHUTI,I.06.18,OGHUTI
Parabeg,Lower Chitral,LC.05.08,GOHIEK,I.06.19,GOHIEK
Parabeg,Lower Chitral,LC.05.06,ERJIEK,I.06.20,ERJIEK
Parabeg,Lower Chitral,LC.05.23,SPORTH,I.06.21,SPORTH
Parabeg,Lower Chitral,LC.05.02,AMERDIN,I.06.22,AMERDIN
Parabeg,Lower Chitral,LC.05.01,ALYABAD Amerdin-2,I.06.23,ALYABAD Amerdin-2
Parabeg,Lower Chitral,LC.05.09,GOHIEK - 2,I.06.24,GOHIEK - 2
Booni,Upper Chitral,UC.02.10,BOONI Centre,J.01.01,BOONI Centre
Booni,Upper Chitral,UC.02.38,PARSANIK,J.01.02,PARSANIK
Booni,Upper Chitral,UC.02.08,BAZANDEH,J.01.03,BAZANDEH
Booni,Upper Chitral,UC.02.41,QASIMANDEH,J.01.04,QASIMANDEH
Booni,Upper Chitral,UC.02.31,LUQANDEH Lutdur,J.01.05,LUQANDEH Lutdur
Booni,Upper Chitral,UC.02.30,LASHT BOONI,J.01.06,LASHT BOONI
Booni,Upper Chitral,UC.02.27,KRUI JUNALI HOON,J.01.07,KRUI JUNALI HOON
Booni,Upper Chitral,UC.02.21,ISHPARDER Krui Junali,J.01.08,ISHPARDER Krui Junali
Booni,Upper Chitral,UC.02.53,TEK-LASHT,J.01.09,TEK-LASHT
Booni,Upper Chitral,UC.02.47,SHAKARANDEH,J.01.10,SHAKARANDEH
Booni,Upper Chitral,UC.02.11,BOZIR,J.01.11,BOZIR
Booni,Upper Chitral,UC.02.16,DUKANDEH,J.01.12,DUKANDEH
Booni,Upper Chitral,UC.02.09,BOLAN LASHT Mulgram,J.01.13,BOLAN LASHT Mulgram
Booni,Upper Chitral,UC.02.15,DARIYANO,J.01.14,DARIYANO
Booni,Upper Chitral,UC.02.20,HUSSAINABAD Junali Koch,J.01.15,HUSSAINABAD Junali Koch
Booni,Upper Chitral,UC.02.45,RESHUN RAGHEEN Sub Centre,J.01.17,RESHUN RAGHEEN Sub Centre
Booni,Upper Chitral,UC.02.19,GREEN LASHT,J.01.18,GREEN LASHT
Booni,Upper Chitral,UC.02.12,BUTAKHAN DEH,J.01.19,BUTAKHAN DEH
Booni,Upper Chitral,UC.02.18,GOOL GUCH,J.01.20,GOOL GUCH
Booni,Upper Chitral,UC.02.37,PANAN DEH,J.01.21,PANAN DEH
Booni,Upper Chitral,UC.02.54,ZAIET,J.01.22,ZAIET
Booni,Upper Chitral,UC.02.14,CHARUN Sub Centre,J.01.23,CHARUN Sub Centre
Booni,Upper Chitral,UC.02.34,MUGHLANDEH,J.01.24,MUGHLANDEH
Booni,Upper Chitral,UC.02.29,KURAGH,J.01.25,KURAGH
Booni,Upper Chitral,UC.02.13,CHARUN OVEER,J.01.26,CHARUN OVEER
Booni,Upper Chitral,UC.02.22,JUNALI KUCH-1 Paien,J.01.27,JUNALI KUCH-1 Paien
Booni,Upper Chitral,UC.02.23,JUNALI KUCH-2 Bala,J.01.28,JUNALI KUCH-2 Bala
Booni,Upper Chitral,UC.02.24,JUNALI KUCH-3 Paien,J.01.29,JUNALI KUCH-3 Paien
Booni,Upper Chitral,UC.02.04,AWI LASHT Sub Centre,J.01.30,AWI LASHT Sub Centre
Booni,Upper Chitral,UC.02.56,AWI GUCHDUR,J.01.31,AWI GUCHDUR
Booni,Upper Chitral,UC.02.05,AWI LURANDEH,J.01.32,AWI LURANDEH
Booni,Upper Chitral,UC.02.07,AWI SINGANDEH,J.01.33,AWI SINGANDEH
Booni,Upper Chitral,UC.02.06,AWI MANDAGH,J.01.34,AWI MANDAGH
Booni,Upper Chitral,UC.02.03,AWI BAND-2,J.01.36,AWI BAND-2
Booni,Upper Chitral,UC.02.28,KRUICHAT PARWAK Sub Centre,J.01.37,KRUICHAT PARWAK Sub Centre
Booni,Upper Chitral,UC.02.39,PARWAK-1 Paien,J.01.38,PARWAK-1 Paien
Booni,Upper Chitral,UC.02.40,PARWAK-2 Paien,J.01.39,PARWAK-2 Paien
Booni,Upper Chitral,UC.02.52,SYEDABAD PARWAK Bala,J.01.40,SYEDABAD PARWAK Bala
Booni,Upper Chitral,UC.02.35,NISUR GOOL Bala,J.01.41,NISUR GOOL Bala
Booni,Upper Chitral,UC.02.36,NIYATABAD sakolasht,J.01.42,NIYATABAD sakolasht
Booni,Upper Chitral,UC.02.42,QUDRATABAD Nisur Gool,J.01.43,QUDRATABAD Nisur Gool
Booni,Upper Chitral,UC.02.43,RAHIMABAD PARWAK Bala,J.01.44,RAHIMABAD PARWAK Bala
Booni,Upper Chitral,UC.02.32,MERAGRAM-1,J.01.45,MERAGRAM-1
Booni,Upper Chitral,UC.02.33,MERAGRAM-2 Gool,J.01.46,MERAGRAM-2 Gool
Booni,Upper Chitral,UC.02.50,SONOGHORE Sub Centre,J.01.47,SONOGHORE Sub Centre
Booni,Upper Chitral,UC.02.48,SONOGHOR GOOL,J.01.49,SONOGHOR GOOL
Booni,Upper Chitral,UC.02.25,KHORA GOOL,J.01.50,KHORA GOOL
Booni,Upper Chitral,UC.02.46,SHAGUNAN DEH,J.01.51,SHAGUNAN DEH
Booni,Upper Chitral,UC.02.51,SULTANABAD Morigar,J.01.52,SULTANABAD Morigar
Booni,Upper Chitral,UC.02.44,RAISANDEH Hisandeh,J.01.53,RAISANDEH Hisandeh
Booni,Upper Chitral,UC.02.26,KRUI GOLOGH AWI,J.01.54,KRUI GOLOGH AWI
Booni,Upper Chitral,UC.02.49,SONOGHOR MULGRAM,J.01.55,SONOGHOR MULGRAM
Booni,Upper Chitral,UC.02.01,ALYABAD PARWAK,J.01.56,ALYABAD PARWAK
Booni,Upper Chitral,UC.02.17,DUMADUMI,J.01.59,DUMADUMI
Booni,Upper Chitral,UC.02.55,Rashun Shader,J.01.62,Rashun Shader
Mulkhow,Upper Chitral,UC.07.37,WARIJUNE Central,J.02.01,WARIJUNE Central
Mulkhow,Upper Chitral,UC.07.10,"DOOKDUR Ghat, Bala",J.02.02,"DOOKDUR Ghat, Bala"
Mulkhow,Upper Chitral,UC.07.21,MULGAHT,J.02.03,MULGAHT
Mulkhow,Upper Chitral,UC.07.33,SHALDUR,J.02.04,SHALDUR
Mulkhow,Upper Chitral,UC.07.29,ROGHONDOK,J.02.05,ROGHONDOK
Mulkhow,Upper Chitral,UC.07.26,PANJIANTEK,J.02.06,PANJIANTEK
Mulkhow,Upper Chitral,UC.07.14,KHORA GOLE,J.02.07,KHORA GOLE
Mulkhow,Upper Chitral,UC.07.28,PISHALDURI,J.02.08,PISHALDURI
Mulkhow,Upper Chitral,UC.07.24,NASU DOOK Ghat,J.02.09,NASU DOOK Ghat
Mulkhow,Upper Chitral,UC.07.34,SHERANDUR Saht Sub Centre,J.02.10,SHERANDUR Saht Sub Centre
Mulkhow,Upper Chitral,UC.07.03,BAHRIANDUR,J.02.11,BAHRIANDUR
Mulkhow,Upper Chitral,UC.07.27,PINDORU GAZ Saht,J.02.12,PINDORU GAZ Saht
Mulkhow,Upper Chitral,UC.07.06,BODO DOK Saht,J.02.13,BODO DOK Saht
Mulkhow,Upper Chitral,UC.07.23,MUZUDUR Saht,J.02.14,MUZUDUR Saht
Mulkhow,Upper Chitral,UC.07.09,DONO Saht,J.02.15,DONO Saht
Mulkhow,Upper Chitral,UC.07.32,SEER Saht,J.02.16,SEER Saht
Mulkhow,Upper Chitral,UC.07.11,ISTARI Saht,J.02.17,ISTARI Saht
Mulkhow,Upper Chitral,UC.07.13,KHOL BRUNZK Saht,J.02.18,KHOL BRUNZK Saht
Mulkhow,Upper Chitral,UC.07.25,NILANDUR Saht,J.02.19,NILANDUR Saht
Mulkhow,Upper Chitral,UC.07.39,Kushum,J.02.20,Kushum
Mulkhow,Upper Chitral,UC.07.38,ZUNDRANGRAM Trech,J.02.21,ZUNDRANGRAM Trech
Mulkhow,Upper Chitral,UC.07.22,MUZDEH Khost Sub Centre,J.02.22,MUZDEH Khost Sub Centre
Mulkhow,Upper Chitral,UC.07.30,SANDRAGH,J.02.23,SANDRAGH
Mulkhow,Upper Chitral,UC.07.02,AWNERDER,J.02.24,AWNERDER
Mulkhow,Upper Chitral,UC.07.19,MORDER-1 Paien,J.02.25,MORDER-1 Paien
Mulkhow,Upper Chitral,UC.07.20,MORDER-2 Godok,J.02.26,MORDER-2 Godok
Mulkhow,Upper Chitral,UC.07.01,ALYABAD Morder-3,J.02.27,ALYABAD Morder-3
Mulkhow,Upper Chitral,UC.07.07,BUMBAGH,J.02.28,BUMBAGH
Mulkhow,Upper Chitral,UC.07.15,LOONE-1 Sub Centre,J.02.30,LOONE-1 Sub Centre
Mulkhow,Upper Chitral,UC.07.18,LOONE-4 Pishili,J.02.31,LOONE-4 Pishili
Mulkhow,Upper Chitral,UC.07.16,LOONE-2 Krui Deru,J.02.32,LOONE-2 Krui Deru
Mulkhow,Upper Chitral,UC.07.17,LOONE-3 Auzakh,J.02.33,LOONE-3 Auzakh
Mulkhow,Upper Chitral,UC.07.35,SHOKORMALI,J.02.34,SHOKORMALI
Mulkhow,Upper Chitral,UC.07.08,DILSHAD KHUM,J.02.35,DILSHAD KHUM
Mulkhow,Upper Chitral,UC.07.05,BLOGH,J.02.36,BLOGH
Mulkhow,Upper Chitral,UC.07.36,SHUNJOOR ANN,J.02.37,SHUNJOOR ANN
Mulkhow,Upper Chitral,UC.07.31,SEER BALA,J.02.38,SEER BALA
Mulkhow,Upper Chitral,UC.07.04,BARCHAT,J.02.39,BARCHAT
Washich,Upper Chitral,UC.09.16,SHOTKHAR Central,J.03.01,SHOTKHAR Central
Washich,Upper Chitral,UC.09.17,SHOTKHAR-2,J.03.02,SHOTKHAR-2
Washich,Upper Chitral,UC.09.11,SHAGRAM-1 Budandur,J.03.03,SHAGRAM-1 Budandur
Washich,Upper Chitral,UC.09.12,SHAGRAM-2 Uch Waht,J.03.04,SHAGRAM-2 Uch Waht
Washich,Upper Chitral,UC.09.09,MAYAR,J.03.05,MAYAR
Washich,Upper Chitral,UC.09.18,SHUCHAN LASHT,J.03.06,SHUCHAN LASHT
Washich,Upper Chitral,UC.09.05,LAMKUSHUM-1,J.03.07,LAMKUSHUM-1
Washich,Upper Chitral,UC.09.06,LAMKUSHUM-2,J.03.08,LAMKUSHUM-2
Khot,Upper Chitral,UC.04.25,YAKHDIZ-1,J.03.09,YAKHDIZ-1
Khot,Upper Chitral,UC.04.26,YAKHDIZ-2,J.03.10,YAKHDIZ-2
Khot,Upper Chitral,UC.04.27,YAKHDIZ-3,J.03.11,YAKHDIZ-3
Khot,Upper Chitral,UC.04.24,SHOT MELP,J.03.12,SHOT MELP
Khot,Upper Chitral,UC.04.02,CHAT GAZ Sub Centre,J.03.13,CHAT GAZ Sub Centre
Khot,Upper Chitral,UC.04.20,PURKHOT-1,J.03.14,PURKHOT-1
Khot,Upper Chitral,UC.04.21,PURKHOT-2,J.03.15,PURKHOT-2
Khot,Upper Chitral,UC.04.23,SHARASTOON,J.03.16,SHARASTOON
Khot,Upper Chitral,UC.04.15,NICHAGH-1,J.03.17,NICHAGH-1
Khot,Upper Chitral,UC.04.16,NICHAGH-2,J.03.18,NICHAGH-2
Khot,Upper Chitral,UC.04.01,ANDERGHECH,J.03.19,ANDERGHECH
Khot,Upper Chitral,UC.04.17,NOGHORAN TEK,J.03.20,NOGHORAN TEK
Khot,Upper Chitral,UC.04.04,DUKAN,J.03.21,DUKAN
Khot,Upper Chitral,UC.04.03,DERGHERANDUR,J.03.22,DERGHERANDUR
Khot,Upper Chitral,UC.04.10,LASHTDUR-1 Sub Centre,J.03.23,LASHTDUR-1 Sub Centre
Khot,Upper Chitral,UC.04.11,LASHTDUR-2,J.03.24,LASHTDUR-2
Khot,Upper Chitral,UC.04.18,PUCHUNG-1,J.03.25,PUCHUNG-1
Khot,Upper Chitral,UC.04.19,PUCHUNG-2,J.03.26,PUCHUNG-2
Khot,Upper Chitral,UC.04.07,HOON KHOT,J.03.27,HOON KHOT
Khot,Upper Chitral,UC.04.09,KISHEK,J.03.28,KISHEK
Khot,Upper Chitral,UC.04.14,MARANDEH,J.03.29,MARANDEH
Khot,Upper Chitral,UC.04.05,FARDAGH,J.03.30,FARDAGH
Khot,Upper Chitral,UC.04.12,LOOGAR,J.03.31,LOOGAR
Khot,Upper Chitral,UC.04.13,LUNGAR,J.03.32,LUNGAR
Washich,Upper Chitral,UC.09.07,MAHTING Washich SubCentre,J.03.33,MAHTING Washich SubCentre
Washich,Upper Chitral,UC.09.04,KISHWAT-1,J.03.34,KISHWAT-1
Washich,Upper Chitral,UC.09.08,MALANDUR,J.03.35,MALANDUR
Washich,Upper Chitral,UC.09.02,BUZUND Sub Centre,J.03.36,BUZUND Sub Centre
Washich,Upper Chitral,UC.09.20,WAZUM,J.03.37,WAZUM
Washich,Upper Chitral,UC.09.01,BARKATABAD Boop,J.03.38,BARKATABAD Boop
Washich,Upper Chitral,UC.09.10,RABAT-1,J.03.39,RABAT-1
Khot,Upper Chitral,UC.04.22,RABAT-2,J.03.40,RABAT-2
Washich,Upper Chitral,UC.09.15,SHOOL,J.03.41,SHOOL
Washich,Upper Chitral,UC.09.14,SHALANSUR,J.03.42,SHALANSUR
Rech,Upper Chitral,UC.08.16,SU-RECH Sub Centre,J.03.43,SU-RECH Sub Centre
Rech,Upper Chitral,UC.08.03,DUKAN-2,J.03.44,DUKAN-2
Rech,Upper Chitral,UC.08.01,BOLASHT,J.03.45,BOLASHT
Rech,Upper Chitral,UC.08.12,ROWA Rech,J.03.46,ROWA Rech
Rech,Upper Chitral,UC.08.10,PURGRAM,J.03.47,PURGRAM
Rech,Upper Chitral,UC.08.05,KISHNZOKH,J.03.48,KISHNZOKH
Rech,Upper Chitral,UC.08.07,NIA-LASHT,J.03.49,NIA-LASHT
Rech,Upper Chitral,UC.08.15,SIKUCH,J.03.50,SIKUCH
Rech,Upper Chitral,UC.08.08,NISUR RECH Sub Centre,J.03.51,NISUR RECH Sub Centre
Rech,Upper Chitral,UC.08.06,MU-RECH,J.03.52,MU-RECH
Rech,Upper Chitral,UC.08.09,PA-RECH,J.03.53,PA-RECH
Rech,Upper Chitral,UC.08.13,SALANDUR,J.03.54,SALANDUR
Rech,Upper Chitral,UC.08.11,RAGH,J.03.55,RAGH
Rech,Upper Chitral,UC.08.02,DUKAN-1 GoalKhot,J.03.56,DUKAN-1 GoalKhot
Rech,Upper Chitral,UC.08.14,SHORQ,J.03.57,SHORQ
Rech,Upper Chitral,UC.08.04,ISKHAN LASHT,J.03.58,ISKHAN LASHT
Washich,Upper Chitral,UC.09.13,SHAGRAM-3 (Mayar),J.03.59,SHAGRAM-3 (Mayar)
Khot,Upper Chitral,UC.04.28,YAKHDIZ-4,J.03.60,YAKHDIZ-4
Khot,Upper Chitral,UC.04.06,GOAL KHOT,J.03.61,GOAL KHOT
Washich,Upper Chitral,UC.09.19,TUR MAHTING - 2 Washich ,J.03.62,TUR MAHTING - 2 Washich 
Washich,Upper Chitral,UC.09.03,KISHWAT - 2 Washich ,J.03.63,KISHWAT - 2 Washich 
Khot,Upper Chitral,UC.04.08,JUMBAI SHAL,J.03.64,JUMBAI SHAL
Laspur,Upper Chitral,UC.05.12,HERCHIN Central,J.04.01,HERCHIN Central
Laspur,Upper Chitral,UC.05.17,LASHT-1 Herchin,J.04.02,LASHT-1 Herchin
Laspur,Upper Chitral,UC.05.18,LASHT-2 Herchin,J.04.03,LASHT-2 Herchin
Laspur,Upper Chitral,UC.05.05,BROOK-1,J.04.04,BROOK-1
Laspur,Upper Chitral,UC.05.06,BROOK-2,J.04.05,BROOK-2
Laspur,Upper Chitral,UC.05.34,SUR-LASPUR,J.04.06,SUR-LASPUR
Laspur,Upper Chitral,UC.05.01,BALIM-1,J.04.07,BALIM-1
Laspur,Upper Chitral,UC.05.02,BALIM-2,J.04.08,BALIM-2
Laspur,Upper Chitral,UC.05.03,BALIM-3 Dook,J.04.09,BALIM-3 Dook
Laspur,Upper Chitral,UC.05.07,DOWKHAN Balim-5,J.04.10,DOWKHAN Balim-5
Laspur,Upper Chitral,UC.05.30,REJUNE,J.04.11,REJUNE
Laspur,Upper Chitral,UC.05.13,HUJUNE,J.04.12,HUJUNE
Laspur,Upper Chitral,UC.05.19,MAYOON LASHT,J.04.13,MAYOON LASHT
Laspur,Upper Chitral,UC.05.24,PORTH-1,J.04.14,PORTH-1
Laspur,Upper Chitral,UC.05.25,PORTH-2,J.04.15,PORTH-2
Laspur,Upper Chitral,UC.05.26,RAMAN-1 Guchdur,J.04.16,RAMAN-1 Guchdur
Laspur,Upper Chitral,UC.05.27,RAMAN-2 Kochdur,J.04.17,RAMAN-2 Kochdur
Laspur,Upper Chitral,UC.05.22,PARGRAM-1,J.04.19,PARGRAM-1
Laspur,Upper Chitral,UC.05.23,PARGRAM-2,J.04.20,PARGRAM-2
Laspur,Upper Chitral,UC.05.09,GASHT-1,J.04.21,GASHT-1
Laspur,Upper Chitral,UC.05.10,GASHT-2,J.04.22,GASHT-2
Laspur,Upper Chitral,UC.05.32,SHAIDAS,J.04.23,SHAIDAS
Laspur,Upper Chitral,UC.05.21,OWNSHOT,J.04.24,OWNSHOT
Laspur,Upper Chitral,UC.05.04,BALIM-4 Tordeh,J.04.25,BALIM-4 Tordeh
Laspur,Upper Chitral,UC.05.11,GUCHGALL,J.04.26,GUCHGALL
Laspur,Upper Chitral,UC.05.28,RAMAN-3 Doshandeh,J.04.27,RAMAN-3 Doshandeh
Laspur,Upper Chitral,UC.05.29,RAMAN-4 Shaghnandeh,J.04.28,RAMAN-4 Shaghnandeh
Laspur,Upper Chitral,UC.05.08,GADAR SULASPUR,J.04.29,GADAR SULASPUR
Laspur,Upper Chitral,UC.05.33,SHAIDAS-2,J.04.30,SHAIDAS-2
Laspur,Upper Chitral,UC.05.31,REJUNE - 2,J.04.31,REJUNE - 2
Laspur,Upper Chitral,UC.05.15,IMAMABAD BALIM-6,J.04.33,IMAMABAD BALIM-6
Laspur,Upper Chitral,UC.05.16,JUBILEEABAD Balim - 7,J.04.34,JUBILEEABAD Balim - 7
Laspur,Upper Chitral,UC.05.14,HUSSAINABAD Balim-8 Laiden,J.04.37,HUSSAINABAD Balim-8 Laiden
Mastuj,Upper Chitral,UC.06.05,CHINAR Central,J.05.01,CHINAR Central
Mastuj,Upper Chitral,UC.06.27,TOOQ Mastuj,J.05.02,TOOQ Mastuj
Mastuj,Upper Chitral,UC.06.07,DARALOT Mastuj,J.05.03,DARALOT Mastuj
Mastuj,Upper Chitral,UC.06.11,ISTURDENI,J.05.04,ISTURDENI
Mastuj,Upper Chitral,UC.06.10,HOON Mastuj,J.05.05,HOON Mastuj
Mastuj,Upper Chitral,UC.06.19,NISUR,J.05.06,NISUR
Mastuj,Upper Chitral,UC.06.24,SARGHOZE-1,J.05.07,SARGHOZE-1
Mastuj,Upper Chitral,UC.06.25,SARGHOZE-2,J.05.08,SARGHOZE-2
Mastuj,Upper Chitral,UC.06.17,LAKAP,J.05.09,LAKAP
Mastuj,Upper Chitral,UC.06.22,PASUM,J.05.10,PASUM
Mastuj,Upper Chitral,UC.06.23,RAHIMABAD Chuinj-3,J.05.11,RAHIMABAD Chuinj-3
Mastuj,Upper Chitral,UC.06.02,ALYABAD Chunj-2 Bala,J.05.12,ALYABAD Chunj-2 Bala
Mastuj,Upper Chitral,UC.06.06,CHUINJ-1 Paien,J.05.13,CHUINJ-1 Paien
Mastuj,Upper Chitral,UC.06.14,KHUZ-1 Paien,J.05.14,KHUZ-1 Paien
Mastuj,Upper Chitral,UC.06.15,KHUZ-2 Darmiyan,J.05.15,KHUZ-2 Darmiyan
Mastuj,Upper Chitral,UC.06.16,KHUZ-3 Bala,J.05.16,KHUZ-3 Bala
Mastuj,Upper Chitral,UC.06.12,KARGIN-1 Bala,J.05.17,KARGIN-1 Bala
Mastuj,Upper Chitral,UC.06.13,KARGIN-2,J.05.18,KARGIN-2
Mastuj,Upper Chitral,UC.06.04,CHAPALI Guch ,J.05.19,CHAPALI Guch 
Mastuj,Upper Chitral,UC.06.01,ALYABAD Chapali,J.05.20,ALYABAD Chapali
Mastuj,Upper Chitral,UC.06.03,CHAPALI Bala,J.05.21,CHAPALI Bala
Mastuj,Upper Chitral,UC.06.08,GHORU BALA,J.05.22,GHORU BALA
Mastuj,Upper Chitral,UC.06.09,GHORU PAIEN,J.05.23,GHORU PAIEN
Mastuj,Upper Chitral,UC.06.20,PARKUSAB-1 Muzhdeh,J.05.24,PARKUSAB-1 Muzhdeh
Mastuj,Upper Chitral,UC.06.21,PARKUSAB-2 Parimali,J.05.25,PARKUSAB-2 Parimali
Mastuj,Upper Chitral,UC.06.18,MUHAMMADABAD GhoruLasht,J.05.26,MUHAMMADABAD GhoruLasht
Mastuj,Upper Chitral,UC.06.26,TOOQ - 2 Bala,J.05.27,TOOQ - 2 Bala
Brep,Upper Chitral,UC.03.16,RAHIMABAD Brep Central,J.06.01,RAHIMABAD Brep Central
Brep,Upper Chitral,UC.03.12,MAHTING-1 Bala,J.06.02,MAHTING-1 Bala
Brep,Upper Chitral,UC.03.11,MAHTING Paien,J.06.03,MAHTING Paien
Brep,Upper Chitral,UC.03.10,KHURUZG,J.06.04,KHURUZG
Brep,Upper Chitral,UC.03.04,DIZG,J.06.05,DIZG
Brep,Upper Chitral,UC.03.06,ISTACH,J.06.06,ISTACH
Brep,Upper Chitral,UC.03.01,ALYABAD Brep,J.06.07,ALYABAD Brep
Brep,Upper Chitral,UC.03.02,DEH BREP,J.06.08,DEH BREP
Brep,Upper Chitral,UC.03.18,RATHENI,J.06.09,RATHENI
Brep,Upper Chitral,UC.03.09,KARIMABAD Hoon-Bap,J.06.10,KARIMABAD Hoon-Bap
Brep,Upper Chitral,UC.03.19,RUSTAMANDEH Kuch,J.06.11,RUSTAMANDEH Kuch
Brep,Upper Chitral,UC.03.07,JAMLASHT-1,J.06.12,JAMLASHT-1
Brep,Upper Chitral,UC.03.08,JAMLASHT-2 Zandrandeh,J.06.13,JAMLASHT-2 Zandrandeh
Brep,Upper Chitral,UC.03.05,DOOK Brep,J.06.14,DOOK Brep
Brep,Upper Chitral,UC.03.14,NURABAD,J.06.15,NURABAD
Brep,Upper Chitral,UC.03.03,DIWAN GOOL,J.06.16,DIWAN GOOL
Bang,Upper Chitral,UC.01.02,BANG-1 Darmiyan SubCentre,J.06.17,BANG-1 Darmiyan SubCentre
Bang,Upper Chitral,UC.01.04,BIRZOZE-1,J.06.18,BIRZOZE-1
Bang,Upper Chitral,UC.01.12,HUSSAINABAD Birzoze-2,J.06.19,HUSSAINABAD Birzoze-2
Bang,Upper Chitral,UC.01.03,BANG-2 Paien,J.06.20,BANG-2 Paien
Bang,Upper Chitral,UC.01.01,ALYABAD Bang-3,J.06.21,ALYABAD Bang-3
Bang,Upper Chitral,UC.01.23,PATRANGAZ,J.06.22,PATRANGAZ
Bang,Upper Chitral,UC.01.24,PAWER-1 Uchu Hoon,J.06.23,PAWER-1 Uchu Hoon
Bang,Upper Chitral,UC.01.25,PAWER-2,J.06.24,PAWER-2
Bang,Upper Chitral,UC.01.17,MERAGRAM-2 Bala,J.06.25,MERAGRAM-2 Bala
Bang,Upper Chitral,UC.01.21,PARDAN,J.06.26,PARDAN
Bang,Upper Chitral,UC.01.08,EMIT,J.06.27,EMIT
Bang,Upper Chitral,UC.01.28,URKAN,J.06.28,URKAN
Bang,Upper Chitral,UC.01.05,CHATU DOOK,J.06.29,CHATU DOOK
Bang,Upper Chitral,UC.01.16,MERAGRAM-1 Paien,J.06.30,MERAGRAM-1 Paien
Bang,Upper Chitral,UC.01.13,HYDERABAD,J.06.31,HYDERABAD
Bang,Upper Chitral,UC.01.15,LASHDAN,J.06.32,LASHDAN
Bang,Upper Chitral,UC.01.26,SHICH,J.06.33,SHICH
Bang,Upper Chitral,UC.01.22,PASHK,J.06.34,PASHK
Bang,Upper Chitral,UC.01.29,WASUM Bala Sub Centre,J.06.35,WASUM Bala Sub Centre
Bang,Upper Chitral,UC.01.06,DEWSEER,J.06.36,DEWSEER
Bang,Upper Chitral,UC.01.30,WASUM-2 Paien,J.06.37,WASUM-2 Paien
Bang,Upper Chitral,UC.01.31,ZUPU,J.06.38,ZUPU
Bang,Upper Chitral,UC.01.09,GAZEEN-1,J.06.39,GAZEEN-1
Bang,Upper Chitral,UC.01.10,GAZEEN-2,J.06.40,GAZEEN-2
Bang,Upper Chitral,UC.01.27,SHOL KUCH,J.06.41,SHOL KUCH
Bang,Upper Chitral,UC.01.18,MOMEENABAD Bang,J.06.42,MOMEENABAD Bang
Brep,Upper Chitral,UC.03.17,RAHMANABAD,J.06.43,RAHMANABAD
Bang,Upper Chitral,UC.01.19,MOULAABAD,J.06.44,MOULAABAD
Bang,Upper Chitral,UC.01.20,MUHAMMADABAD,J.06.45,MUHAMMADABAD
Brep,Upper Chitral,UC.03.20,SULTANABAD (KHOTAN LASHT),J.06.46,SULTANABAD (KHOTAN LASHT)
Bang,Upper Chitral,UC.01.07,DEWSEER - 2 Paien,J.06.47,DEWSEER - 2 Paien
Brep,Upper Chitral,UC.03.13,MUSTAFAABAD,J.06.48,MUSTAFAABAD
Bang,Upper Chitral,UC.01.11,HUSSAINABAD - 2,J.06.49,HUSSAINABAD - 2
Bang,Upper Chitral,UC.01.14,LAGHALABAD,J.06.50,LAGHALABAD
Brep,Upper Chitral,UC.03.15,PONGODUR DIZG,J.06.51,PONGODUR DIZG
Yarkhoon Lasht,Upper Chitral,UC.10.33,YARKHOON LASHT Centre,J.07.01,YARKHOON LASHT Centre
Yarkhoon Lasht,Upper Chitral,UC.10.13,INKEP Paien,J.07.02,INKEP Paien
Yarkhoon Lasht,Upper Chitral,UC.10.04,CHITISAR,J.07.04,CHITISAR
Yarkhoon Lasht,Upper Chitral,UC.10.28,RUKUT,J.07.05,RUKUT
Yarkhoon Lasht,Upper Chitral,UC.10.21,LOOTGAZ,J.07.06,LOOTGAZ
Yarkhoon Lasht,Upper Chitral,UC.10.11,GHIRARUM-1,J.07.07,GHIRARUM-1
Yarkhoon Lasht,Upper Chitral,UC.10.14,KARIMABAD Ghirarum-2,J.07.08,KARIMABAD Ghirarum-2
Yarkhoon Lasht,Upper Chitral,UC.10.16,KHAN KHOON,J.07.09,KHAN KHOON
Yarkhoon Lasht,Upper Chitral,UC.10.07,FAIZABAD Inchipun,J.07.10,FAIZABAD Inchipun
Yarkhoon Lasht,Upper Chitral,UC.10.27,RAHIMABAD Shovest (S/C),J.07.11,RAHIMABAD Shovest (S/C)
Yarkhoon Lasht,Upper Chitral,UC.10.24,OWNAWUCH-1 Paien,J.07.12,OWNAWUCH-1 Paien
Yarkhoon Lasht,Upper Chitral,UC.10.25,OWNAWUCH-2 Bala,J.07.13,OWNAWUCH-2 Bala
Yarkhoon Lasht,Upper Chitral,UC.10.05,DUBARGAR,J.07.14,DUBARGAR
Yarkhoon Lasht,Upper Chitral,UC.10.31,SKIRMUT,J.07.15,SKIRMUT
Yarkhoon Lasht,Upper Chitral,UC.10.17,KHAND-1 Paien,J.07.16,KHAND-1 Paien
Yarkhoon Lasht,Upper Chitral,UC.10.18,KHAND-2 Bala,J.07.17,KHAND-2 Bala
Yarkhoon Lasht,Upper Chitral,UC.10.01,ALYABAD,J.07.18,ALYABAD
Yarkhoon Lasht,Upper Chitral,UC.10.06,DURZU,J.07.19,DURZU
Yarkhoon Lasht,Upper Chitral,UC.10.26,PUKTH,J.07.20,PUKTH
Yarkhoon Lasht,Upper Chitral,UC.10.34,YOUSHKEST,J.07.21,YOUSHKEST
Yarkhoon Lasht,Upper Chitral,UC.10.08,GARAMCHASHMA Sub Centre,J.07.22,GARAMCHASHMA Sub Centre
Yarkhoon Lasht,Upper Chitral,UC.10.02,CHIKAR BROGHIL,J.07.23,CHIKAR BROGHIL
Yarkhoon Lasht,Upper Chitral,UC.10.19,KISHMANJAH,J.07.24,KISHMANJAH
Yarkhoon Lasht,Upper Chitral,UC.10.22,MAIDAN Broghil,J.07.25,MAIDAN Broghil
Yarkhoon Lasht,Upper Chitral,UC.10.30,SHIKARWAZ Junali,J.07.26,SHIKARWAZ Junali
Yarkhoon Lasht,Upper Chitral,UC.10.03,CHILMARABAD,J.07.27,CHILMARABAD
Yarkhoon Lasht,Upper Chitral,UC.10.09,GAREL Broghil,J.07.28,GAREL Broghil
Yarkhoon Lasht,Upper Chitral,UC.10.20,LASHKARGAZ,J.07.29,LASHKARGAZ
Yarkhoon Lasht,Upper Chitral,UC.10.32,YAKHDAN,J.07.30,YAKHDAN
Yarkhoon Lasht,Upper Chitral,UC.10.29,SALIMAHABAD Koi Chilmarabad,J.07.31,SALIMAHABAD Koi Chilmarabad
Yarkhoon Lasht,Upper Chitral,UC.10.10,GHARARUM - 3 Hussainabad,J.07.32,GHARARUM - 3 Hussainabad
Yarkhoon Lasht,Upper Chitral,UC.10.12,HASSANABAD INKEP,J.07.33,HASSANABAD INKEP
Yarkhoon Lasht,Upper Chitral,UC.10.23,MOMINABAD Sholbest -2,J.07.34,MOMINABAD Sholbest -2
Lahore & Sialkot,Central,CE.02.01,,C.01.04,BADOMALI
Altit & Karimabad,Hunza,HU.01.01,,E.02.16,AGA KHAN TEKKERY Doiker
Nasirabad,Hunza,,,E.05.14,SHAMSABAD Nasirabad
Gujal Bala,Hunza,HU.04.01,,E.07.15,ABGARCH
Gujal Bala,Hunza,HU.04.03,,E.07.16,DHI KUNJERAB
"Sul, Dan & Oshikhandas",Gilgit,,,F.01.51,OSHIKHANDAS-9
Skardu,Gilgit,,,F.01.58,HAMZIGOON
Ishkoman,Ishkoman Puniyal,,,G.04.15,BAHARABAD
Garamchashma,Lower Chitral,,,I.05.62,POSTAKI - 3
Garamchashma,Lower Chitral,,,I.05.64,Hazai
Garamchashma,Lower Chitral,,,I.05.66,DOKH
Booni,Upper Chitral,UC.02.02,,J.01.35,AWI BAND-1
Mulkhow,Upper Chitral,UC.07.12,,J.02.29,KHALANI
Laspur,Upper Chitral,UC.05.20,,J.04.32,NOORABAD Ownshot
Yarkhoon Lasht,Upper Chitral,UC.10.15,,J.07.03,KHAIRABAD Youkshukut
